split,class_name,label,path,file_name,width,height,aspect_ratio,mean_intensity,std_intensity,min_intensity,max_intensity,mode
test,NORMAL,0,data\raw\chest_xray\test\NORMAL\NORMAL2-IM-0007-0001.jpeg,NORMAL2-IM-0007-0001.jpeg,2165,1907,1.1352910330361825,139.03175101818874,64.42863528724867,0,255,L
test,NORMAL,0,data\raw\chest_xray\test\NORMAL\NORMAL2-IM-0346-0001.jpeg,NORMAL2-IM-0346-0001.jpeg,1288,917,1.4045801526717556,111.9660865839864,71.86766240483816,0,255,L
test,NORMAL,0,data\raw\chest_xray\test\NORMAL\NORMAL2-IM-0313-0001.jpeg,NORMAL2-IM-0313-0001.jpeg,1620,1110,1.4594594594594594,122.4895217439662,61.257172699028295,0,255,L
test,NORMAL,0,data\raw\chest_xray\test\NORMAL\IM-0011-0001.jpeg,IM-0011-0001.jpeg,1863,1785,1.0436974789915967,126.21031347590029,52.80370946140325,0,255,L
test,NORMAL,0,data\raw\chest_xray\test\NORMAL\NORMAL2-IM-0213-0001.jpeg,NORMAL2-IM-0213-0001.jpeg,1952,1600,1.22,159.4180199795082,56.9611968979564,0,255,L
test,NORMAL,0,data\raw\chest_xray\test\NORMAL\NORMAL2-IM-0132-0001.jpeg,NORMAL2-IM-0132-0001.jpeg,2115,1792,1.1802455357142858,148.40518801713947,63.00625674153054,0,255,L
test,NORMAL,0,data\raw\chest_xray\test\NORMAL\NORMAL2-IM-0333-0001.jpeg,NORMAL2-IM-0333-0001.jpeg,2226,1731,1.2859618717504333,120.35850224462435,62.53821791322212,0,255,L
test,NORMAL,0,data\raw\chest_xray\test\NORMAL\NORMAL2-IM-0092-0001.jpeg,NORMAL2-IM-0092-0001.jpeg,2143,1576,1.359771573604061,127.6081128855369,68.46993667160274,0,255,L
test,NORMAL,0,data\raw\chest_xray\test\NORMAL\NORMAL2-IM-0353-0001.jpeg,NORMAL2-IM-0353-0001.jpeg,1782,1434,1.2426778242677825,133.92041678210902,57.77764167880383,0,255,L
test,NORMAL,0,data\raw\chest_xray\test\NORMAL\IM-0021-0001.jpeg,IM-0021-0001.jpeg,2624,1893,1.3861595351294242,151.46969136935823,44.30265954749183,0,255,L
test,NORMAL,0,data\raw\chest_xray\test\NORMAL\NORMAL2-IM-0370-0001.jpeg,NORMAL2-IM-0370-0001.jpeg,1742,1392,1.2514367816091954,115.72358655990604,61.275154166294094,0,255,L
test,NORMAL,0,data\raw\chest_xray\test\NORMAL\IM-0089-0001.jpeg,IM-0089-0001.jpeg,2426,2076,1.1685934489402698,136.24069489648906,61.79989391761033,0,255,L
test,NORMAL,0,data\raw\chest_xray\test\NORMAL\NORMAL2-IM-0374-0001-0001.jpeg,NORMAL2-IM-0374-0001-0001.jpeg,1968,1484,1.326145552560647,123.64261540442224,58.768412408815976,0,255,L
test,NORMAL,0,data\raw\chest_xray\test\NORMAL\IM-0039-0001.jpeg,IM-0039-0001.jpeg,2153,1793,1.2007808142777467,134.19872321763248,57.43596162837405,0,255,L
test,NORMAL,0,data\raw\chest_xray\test\NORMAL\NORMAL2-IM-0339-0001.jpeg,NORMAL2-IM-0339-0001.jpeg,1898,1403,1.3528153955808981,127.32805436491276,58.82832489546845,0,255,L
test,NORMAL,0,data\raw\chest_xray\test\NORMAL\NORMAL2-IM-0271-0001.jpeg,NORMAL2-IM-0271-0001.jpeg,1564,1010,1.5485148514851486,156.84798371780911,53.99419735339687,0,255,L
test,NORMAL,0,data\raw\chest_xray\test\NORMAL\IM-0027-0001.jpeg,IM-0027-0001.jpeg,2271,1827,1.2430213464696223,142.97876463835559,53.717215840296376,0,255,L
test,NORMAL,0,data\raw\chest_xray\test\NORMAL\NORMAL2-IM-0141-0001.jpeg,NORMAL2-IM-0141-0001.jpeg,1712,1519,1.1270572745227123,111.24853606652188,63.40445110022276,0,255,L
test,NORMAL,0,data\raw\chest_xray\test\NORMAL\NORMAL2-IM-0372-0001.jpeg,NORMAL2-IM-0372-0001.jpeg,2198,1485,1.4801346801346802,124.16451533840069,63.25809927762311,0,255,L
test,NORMAL,0,data\raw\chest_xray\test\NORMAL\IM-0033-0001-0001.jpeg,IM-0033-0001-0001.jpeg,2170,1953,1.1111111111111112,151.9030882418871,65.69946894676151,0,255,L
test,NORMAL,0,data\raw\chest_xray\test\NORMAL\NORMAL2-IM-0348-0001.jpeg,NORMAL2-IM-0348-0001.jpeg,1762,1249,1.410728582866293,117.30502949465134,61.39922486376983,0,255,L
test,NORMAL,0,data\raw\chest_xray\test\NORMAL\IM-0013-0001.jpeg,IM-0013-0001.jpeg,2444,2155,1.134106728538283,136.0494400795926,56.19206223425225,0,255,L
test,NORMAL,0,data\raw\chest_xray\test\NORMAL\NORMAL2-IM-0096-0001.jpeg,NORMAL2-IM-0096-0001.jpeg,2517,1979,1.2718544719555331,130.27616974658227,67.36121426441812,0,255,L
test,NORMAL,0,data\raw\chest_xray\test\NORMAL\NORMAL2-IM-0256-0001.jpeg,NORMAL2-IM-0256-0001.jpeg,984,496,1.9838709677419355,113.86202219381065,58.240753949074865,0,255,L
test,NORMAL,0,data\raw\chest_xray\test\NORMAL\NORMAL2-IM-0364-0001.jpeg,NORMAL2-IM-0364-0001.jpeg,1472,921,1.5982627578718784,97.7157921446443,60.23011668178339,0,255,L
test,NORMAL,0,data\raw\chest_xray\test\NORMAL\IM-0033-0001-0002.jpeg,IM-0033-0001-0002.jpeg,2024,1836,1.10239651416122,147.57815742678275,54.997358716076,0,255,L
test,NORMAL,0,data\raw\chest_xray\test\NORMAL\NORMAL2-IM-0060-0001.jpeg,NORMAL2-IM-0060-0001.jpeg,2323,1893,1.2271526677231908,105.64305656087555,63.187651636555536,0,255,L
test,NORMAL,0,data\raw\chest_xray\test\NORMAL\NORMAL2-IM-0317-0001.jpeg,NORMAL2-IM-0317-0001.jpeg,1624,1187,1.3681550126368998,106.38676642693216,61.98944526501718,0,255,L
test,NORMAL,0,data\raw\chest_xray\test\NORMAL\NORMAL2-IM-0058-0001.jpeg,NORMAL2-IM-0058-0001.jpeg,1683,1361,1.236590742101396,107.70916276915327,63.60646543462109,0,255,L
test,NORMAL,0,data\raw\chest_xray\test\NORMAL\IM-0025-0001.jpeg,IM-0025-0001.jpeg,2720,2458,1.1065907241659887,133.16496254726462,66.3838535854069,0,255,L
test,NORMAL,0,data\raw\chest_xray\test\NORMAL\NORMAL2-IM-0267-0001.jpeg,NORMAL2-IM-0267-0001.jpeg,1560,1016,1.5354330708661417,151.5093352513628,64.90339585593658,0,255,L
test,NORMAL,0,data\raw\chest_xray\test\NORMAL\IM-0109-0001.jpeg,IM-0109-0001.jpeg,1802,1110,1.6234234234234235,126.97111317755046,67.50027595396759,0,255,L
test,NORMAL,0,data\raw\chest_xray\test\NORMAL\IM-0073-0001.jpeg,IM-0073-0001.jpeg,1322,650,2.0338461538461536,131.6697288490632,53.76695663657461,0,255,L
test,NORMAL,0,data\raw\chest_xray\test\NORMAL\NORMAL2-IM-0246-0001-0002.jpeg,NORMAL2-IM-0246-0001-0002.jpeg,1168,824,1.4174757281553398,112.99694835583189,51.88686785127,0,255,L
test,NORMAL,0,data\raw\chest_xray\test\NORMAL\NORMAL2-IM-0207-0001.jpeg,NORMAL2-IM-0207-0001.jpeg,1454,1079,1.3475440222428174,133.24694843281708,47.425652968372255,0,255,L
test,NORMAL,0,data\raw\chest_xray\test\NORMAL\NORMAL2-IM-0301-0001.jpeg,NORMAL2-IM-0301-0001.jpeg,1816,1157,1.5695764909248056,118.40681125042359,65.50588272621692,0,255,L
test,NORMAL,0,data\raw\chest_xray\test\NORMAL\NORMAL2-IM-0289-0001.jpeg,NORMAL2-IM-0289-0001.jpeg,1894,1597,1.1859737006887914,129.12866786259082,61.203510674943736,0,255,L
test,NORMAL,0,data\raw\chest_xray\test\NORMAL\IM-0022-0001.jpeg,IM-0022-0001.jpeg,1300,617,2.106969205834684,86.48853384864731,33.04450387638784,0,255,L
test,NORMAL,0,data\raw\chest_xray\test\NORMAL\NORMAL2-IM-0280-0001.jpeg,NORMAL2-IM-0280-0001.jpeg,1460,1071,1.3632119514472456,126.62615210467749,60.08202077701997,0,255,L
test,NORMAL,0,data\raw\chest_xray\test\NORMAL\NORMAL2-IM-0310-0001.jpeg,NORMAL2-IM-0310-0001.jpeg,1646,1346,1.222882615156018,128.76953089032082,59.25965419919497,0,255,L
test,NORMAL,0,data\raw\chest_xray\test\NORMAL\NORMAL2-IM-0286-0001.jpeg,NORMAL2-IM-0286-0001.jpeg,1692,1214,1.3937397034596375,122.6761988775554,57.659583744568536,0,255,L
test,NORMAL,0,data\raw\chest_xray\test\NORMAL\NORMAL2-IM-0341-0001.jpeg,NORMAL2-IM-0341-0001.jpeg,1670,1319,1.2661106899166035,132.14290312475882,51.02484359581587,0,255,L
test,NORMAL,0,data\raw\chest_xray\test\NORMAL\NORMAL2-IM-0206-0001.jpeg,NORMAL2-IM-0206-0001.jpeg,1536,1064,1.443609022556391,115.6725645901864,68.26599865775641,0,255,L
test,NORMAL,0,data\raw\chest_xray\test\NORMAL\IM-0099-0001.jpeg,IM-0099-0001.jpeg,1862,1326,1.4042232277526394,109.72550923203289,63.94058196402287,0,255,L
test,NORMAL,0,data\raw\chest_xray\test\NORMAL\NORMAL2-IM-0337-0001.jpeg,NORMAL2-IM-0337-0001.jpeg,1766,1349,1.3091178650852484,107.76753385545436,73.30734741984924,0,255,L
test,NORMAL,0,data\raw\chest_xray\test\NORMAL\NORMAL2-IM-0374-0001.jpeg,NORMAL2-IM-0374-0001.jpeg,2148,1600,1.3425,105.35729079376163,69.6343050627907,0,255,L
test,NORMAL,0,data\raw\chest_xray\test\NORMAL\NORMAL2-IM-0051-0001.jpeg,NORMAL2-IM-0051-0001.jpeg,2028,1742,1.164179104477612,101.16069317726343,69.10643459450033,0,255,L
test,NORMAL,0,data\raw\chest_xray\test\NORMAL\NORMAL2-IM-0173-0001-0001.jpeg,NORMAL2-IM-0173-0001-0001.jpeg,1304,952,1.3697478991596639,112.58636483734598,53.60131935708665,0,255,L
test,NORMAL,0,data\raw\chest_xray\test\NORMAL\NORMAL2-IM-0279-0001.jpeg,NORMAL2-IM-0279-0001.jpeg,1376,1040,1.323076923076923,118.82615789915027,56.55505153019456,0,255,L
test,NORMAL,0,data\raw\chest_xray\test\NORMAL\NORMAL2-IM-0272-0001.jpeg,NORMAL2-IM-0272-0001.jpeg,1340,917,1.4612868047982552,111.87294796464786,46.291616306469365,0,229,L
test,NORMAL,0,data\raw\chest_xray\test\NORMAL\NORMAL2-IM-0282-0001.jpeg,NORMAL2-IM-0282-0001.jpeg,2667,2280,1.1697368421052632,152.97405423006336,67.7212010432757,0,255,L
test,NORMAL,0,data\raw\chest_xray\test\NORMAL\NORMAL2-IM-0378-0001.jpeg,NORMAL2-IM-0378-0001.jpeg,1586,1048,1.5133587786259541,94.6335137847386,56.177774769893595,0,255,L
test,NORMAL,0,data\raw\chest_xray\test\NORMAL\NORMAL2-IM-0287-0001.jpeg,NORMAL2-IM-0287-0001.jpeg,1785,1585,1.1261829652996846,136.8196198605625,65.97163783115695,0,255,L
test,NORMAL,0,data\raw\chest_xray\test\NORMAL\NORMAL2-IM-0361-0001.jpeg,NORMAL2-IM-0361-0001.jpeg,1778,1337,1.3298429319371727,146.67570185925712,45.37548140915227,0,255,L
test,NORMAL,0,data\raw\chest_xray\test\NORMAL\NORMAL2-IM-0131-0001.jpeg,NORMAL2-IM-0131-0001.jpeg,1784,1389,1.2843772498200143,117.22626167485076,63.7063842876052,0,255,L
test,NORMAL,0,data\raw\chest_xray\test\NORMAL\NORMAL2-IM-0102-0001.jpeg,NORMAL2-IM-0102-0001.jpeg,2366,2152,1.0994423791821561,105.86535613728564,61.02821968433968,0,255,L
test,NORMAL,0,data\raw\chest_xray\test\NORMAL\NORMAL2-IM-0297-0001.jpeg,NORMAL2-IM-0297-0001.jpeg,1890,1334,1.416791604197901,112.0240566224824,70.09885674081613,0,255,L
test,NORMAL,0,data\raw\chest_xray\test\NORMAL\NORMAL2-IM-0023-0001.jpeg,NORMAL2-IM-0023-0001.jpeg,2071,1296,1.5979938271604939,105.9837378018611,62.20428060965829,0,255,L
test,NORMAL,0,data\raw\chest_xray\test\NORMAL\IM-0061-0001.jpeg,IM-0061-0001.jpeg,1754,1318,1.330804248861912,138.3080822849312,72.86764239609904,0,255,L
test,NORMAL,0,data\raw\chest_xray\test\NORMAL\NORMAL2-IM-0120-0001.jpeg,NORMAL2-IM-0120-0001.jpeg,2093,1764,1.1865079365079365,111.66970752307931,62.06369599372899,0,255,L
test,NORMAL,0,data\raw\chest_xray\test\NORMAL\NORMAL2-IM-0303-0001.jpeg,NORMAL2-IM-0303-0001.jpeg,1504,948,1.5864978902953586,112.12483447796032,62.489284862082535,0,255,L
test,NORMAL,0,data\raw\chest_xray\test\NORMAL\NORMAL2-IM-0302-0001.jpeg,NORMAL2-IM-0302-0001.jpeg,1596,1087,1.468261269549218,107.75939676698647,62.67968801046902,0,255,L
test,NORMAL,0,data\raw\chest_xray\test\NORMAL\NORMAL2-IM-0139-0001.jpeg,NORMAL2-IM-0139-0001.jpeg,2014,1375,1.4647272727272727,126.34102121513045,67.8251302584985,0,255,L
test,NORMAL,0,data\raw\chest_xray\test\NORMAL\NORMAL2-IM-0366-0001.jpeg,NORMAL2-IM-0366-0001.jpeg,1298,747,1.7376171352074967,107.03659218280414,61.20961096793393,0,255,L
test,NORMAL,0,data\raw\chest_xray\test\NORMAL\IM-0110-0001.jpeg,IM-0110-0001.jpeg,1542,871,1.7703788748564868,122.98193408890894,64.17704823040889,0,255,L
test,NORMAL,0,data\raw\chest_xray\test\NORMAL\NORMAL2-IM-0360-0001.jpeg,NORMAL2-IM-0360-0001.jpeg,1094,898,1.21826280623608,127.55728655594598,53.32837738643561,0,255,L
test,NORMAL,0,data\raw\chest_xray\test\NORMAL\NORMAL2-IM-0145-0001.jpeg,NORMAL2-IM-0145-0001.jpeg,1726,1505,1.146843853820598,141.74478428413593,65.43501473788932,0,255,L
test,NORMAL,0,data\raw\chest_xray\test\NORMAL\IM-0111-0001.jpeg,IM-0111-0001.jpeg,1910,1303,1.4658480429777436,127.79660308671491,57.0059191512055,0,255,L
test,NORMAL,0,data\raw\chest_xray\test\NORMAL\NORMAL2-IM-0028-0001.jpeg,NORMAL2-IM-0028-0001.jpeg,2381,1965,1.2117048346055979,143.38715253175852,70.93063251102889,0,255,L
test,NORMAL,0,data\raw\chest_xray\test\NORMAL\IM-0037-0001.jpeg,IM-0037-0001.jpeg,1741,1504,1.1575797872340425,140.2954659678346,49.404659192421214,0,255,L
test,NORMAL,0,data\raw\chest_xray\test\NORMAL\NORMAL2-IM-0146-0001.jpeg,NORMAL2-IM-0146-0001.jpeg,1827,1375,1.3287272727272728,115.12679384982833,69.13203736463542,0,255,L
test,NORMAL,0,data\raw\chest_xray\test\NORMAL\NORMAL2-IM-0210-0001.jpeg,NORMAL2-IM-0210-0001.jpeg,1680,984,1.7073170731707317,139.43147623886952,69.70668264280839,0,255,L
test,NORMAL,0,data\raw\chest_xray\test\NORMAL\NORMAL2-IM-0035-0001.jpeg,NORMAL2-IM-0035-0001.jpeg,1762,1224,1.4395424836601307,110.23478268530265,67.99111228353424,0,255,L
test,NORMAL,0,data\raw\chest_xray\test\NORMAL\IM-0009-0001.jpeg,IM-0009-0001.jpeg,1852,1443,1.2834372834372834,143.67070455569376,49.14616043185226,0,255,L
test,NORMAL,0,data\raw\chest_xray\test\NORMAL\IM-0091-0001.jpeg,IM-0091-0001.jpeg,1754,1036,1.693050193050193,119.52718166529455,60.38774215088284,0,255,L
test,NORMAL,0,data\raw\chest_xray\test\NORMAL\NORMAL2-IM-0196-0001.jpeg,NORMAL2-IM-0196-0001.jpeg,1720,1568,1.096938775510204,156.0679212891552,65.32850271666246,0,255,L
test,NORMAL,0,data\raw\chest_xray\test\NORMAL\NORMAL2-IM-0249-0001.jpeg,NORMAL2-IM-0249-0001.jpeg,1426,832,1.7139423076923077,86.36582796148451,56.30052650722303,0,255,L
test,NORMAL,0,data\raw\chest_xray\test\NORMAL\NORMAL2-IM-0276-0001.jpeg,NORMAL2-IM-0276-0001.jpeg,1604,1334,1.2023988005997002,128.86233675556238,55.30355957768152,0,255,L
test,NORMAL,0,data\raw\chest_xray\test\NORMAL\IM-0107-0001.jpeg,IM-0107-0001.jpeg,1824,1125,1.6213333333333333,120.00323684210527,65.69184471631472,0,255,L
test,NORMAL,0,data\raw\chest_xray\test\NORMAL\NORMAL2-IM-0237-0001.jpeg,NORMAL2-IM-0237-0001.jpeg,1392,1168,1.1917808219178083,156.6780483634467,50.74974292450168,0,255,L
test,NORMAL,0,data\raw\chest_xray\test\NORMAL\NORMAL2-IM-0336-0001.jpeg,NORMAL2-IM-0336-0001.jpeg,1612,941,1.7130712008501594,102.61716522995704,62.61515415394323,0,255,L
test,NORMAL,0,data\raw\chest_xray\test\NORMAL\NORMAL2-IM-0246-0001-0001.jpeg,NORMAL2-IM-0246-0001-0001.jpeg,1168,824,1.4174757281553398,112.99694835583189,51.88686785127,0,255,L
test,NORMAL,0,data\raw\chest_xray\test\NORMAL\IM-0041-0001.jpeg,IM-0041-0001.jpeg,2022,2071,0.9763399323998069,107.90777044017497,53.796370877554864,0,255,L
test,NORMAL,0,data\raw\chest_xray\test\NORMAL\IM-0016-0001.jpeg,IM-0016-0001.jpeg,2498,2057,1.2143898881866797,134.1332920492933,62.22160352677763,0,255,L
test,NORMAL,0,data\raw\chest_xray\test\NORMAL\IM-0049-0001.jpeg,IM-0049-0001.jpeg,1762,1060,1.6622641509433962,120.63473968260767,59.13965985856793,0,255,L
test,NORMAL,0,data\raw\chest_xray\test\NORMAL\IM-0036-0001.jpeg,IM-0036-0001.jpeg,2096,1709,1.2264482153306027,154.14201588804667,70.16179179079025,0,255,L
test,NORMAL,0,data\raw\chest_xray\test\NORMAL\IM-0069-0001.jpeg,IM-0069-0001.jpeg,1974,1226,1.6101141924959217,124.74504612160369,64.15553172351392,0,255,L
test,NORMAL,0,data\raw\chest_xray\test\NORMAL\NORMAL2-IM-0098-0001.jpeg,NORMAL2-IM-0098-0001.jpeg,1266,1044,1.2126436781609196,98.62899030342649,71.58323638111507,0,255,L
test,NORMAL,0,data\raw\chest_xray\test\NORMAL\NORMAL2-IM-0195-0001.jpeg,NORMAL2-IM-0195-0001.jpeg,1432,1016,1.4094488188976377,141.2073568710685,59.743502201761345,0,255,L
test,NORMAL,0,data\raw\chest_xray\test\NORMAL\NORMAL2-IM-0349-0001.jpeg,NORMAL2-IM-0349-0001.jpeg,1214,662,1.8338368580060422,130.9476114514949,54.27674097956765,0,255,L
test,NORMAL,0,data\raw\chest_xray\test\NORMAL\IM-0084-0001.jpeg,IM-0084-0001.jpeg,1754,1187,1.4776748104465038,129.79082832932596,64.3737324627854,0,255,L
test,NORMAL,0,data\raw\chest_xray\test\NORMAL\NORMAL2-IM-0319-0001.jpeg,NORMAL2-IM-0319-0001.jpeg,1678,1195,1.4041841004184101,127.6078071623421,59.85716219916468,0,255,L
test,NORMAL,0,data\raw\chest_xray\test\NORMAL\NORMAL2-IM-0321-0001.jpeg,NORMAL2-IM-0321-0001.jpeg,2026,1412,1.434844192634561,119.81287211015999,67.49742334773451,0,255,L
test,NORMAL,0,data\raw\chest_xray\test\NORMAL\NORMAL2-IM-0029-0001.jpeg,NORMAL2-IM-0029-0001.jpeg,1928,1756,1.0979498861047836,105.14545742398322,63.4614513274434,0,255,L
test,NORMAL,0,data\raw\chest_xray\test\NORMAL\IM-0067-0001.jpeg,IM-0067-0001.jpeg,1572,1125,1.3973333333333333,109.06812100650268,61.589195870420326,0,255,L
test,NORMAL,0,data\raw\chest_xray\test\NORMAL\NORMAL2-IM-0111-0001.jpeg,NORMAL2-IM-0111-0001.jpeg,2035,1526,1.333551769331586,140.30449216045545,63.923105256636,0,255,L
test,NORMAL,0,data\raw\chest_xray\test\NORMAL\NORMAL2-IM-0251-0001.jpeg,NORMAL2-IM-0251-0001.jpeg,1744,1168,1.4931506849315068,116.37320323300239,53.17337667557734,0,255,L
test,NORMAL,0,data\raw\chest_xray\test\NORMAL\NORMAL2-IM-0033-0001.jpeg,NORMAL2-IM-0033-0001.jpeg,2431,2195,1.1075170842824602,110.03240227546807,58.413176480170925,0,255,L
test,NORMAL,0,data\raw\chest_xray\test\NORMAL\NORMAL2-IM-0241-0001.jpeg,NORMAL2-IM-0241-0001.jpeg,1248,880,1.4181818181818182,146.7530239291958,57.09267538567186,0,255,L
test,NORMAL,0,data\raw\chest_xray\test\NORMAL\IM-0033-0001.jpeg,IM-0033-0001.jpeg,1658,1534,1.0808344198174706,143.43673713479586,51.85157455402761,0,255,L
test,NORMAL,0,data\raw\chest_xray\test\NORMAL\NORMAL2-IM-0277-0001.jpeg,NORMAL2-IM-0277-0001.jpeg,1754,1377,1.2737835875090777,122.67019134187734,55.499506594930025,0,255,L
test,NORMAL,0,data\raw\chest_xray\test\NORMAL\NORMAL2-IM-0329-0001.jpeg,NORMAL2-IM-0329-0001.jpeg,2216,1953,1.1346646185355862,149.67229648545882,70.29663134319185,0,255,L
test,NORMAL,0,data\raw\chest_xray\test\NORMAL\NORMAL2-IM-0322-0001.jpeg,NORMAL2-IM-0322-0001.jpeg,1256,813,1.5448954489544895,113.2049126064509,52.56624590355929,0,255,L
test,NORMAL,0,data\raw\chest_xray\test\NORMAL\IM-0001-0001.jpeg,IM-0001-0001.jpeg,1857,1317,1.4100227790432802,130.99860774291207,57.10203213468682,0,255,L
test,NORMAL,0,data\raw\chest_xray\test\NORMAL\IM-0005-0001.jpeg,IM-0005-0001.jpeg,2031,1837,1.105606967882417,136.24955916018104,55.40408354606249,0,255,L
test,NORMAL,0,data\raw\chest_xray\test\NORMAL\NORMAL2-IM-0030-0001.jpeg,NORMAL2-IM-0030-0001.jpeg,2517,2713,0.9277552524880206,116.04582374684435,50.36631906186796,0,255,L
test,NORMAL,0,data\raw\chest_xray\test\NORMAL\IM-0075-0001.jpeg,IM-0075-0001.jpeg,1786,1068,1.6722846441947565,131.752013685301,59.17350190875982,0,255,L
test,NORMAL,0,data\raw\chest_xray\test\NORMAL\NORMAL2-IM-0110-0001.jpeg,NORMAL2-IM-0110-0001.jpeg,2251,1828,1.2314004376367615,100.49139283586094,60.315893916116096,0,255,L
test,NORMAL,0,data\raw\chest_xray\test\NORMAL\NORMAL2-IM-0150-0001.jpeg,NORMAL2-IM-0150-0001.jpeg,1611,1454,1.107977991746905,131.87894863118672,70.84593925748703,0,255,L
test,NORMAL,0,data\raw\chest_xray\test\NORMAL\NORMAL2-IM-0246-0001.jpeg,NORMAL2-IM-0246-0001.jpeg,1368,904,1.5132743362831858,138.5413917352378,56.218626277052046,0,255,L
test,NORMAL,0,data\raw\chest_xray\test\NORMAL\NORMAL2-IM-0294-0001.jpeg,NORMAL2-IM-0294-0001.jpeg,1530,994,1.539235412474849,103.42204337133914,51.602674687598046,0,255,L
test,NORMAL,0,data\raw\chest_xray\test\NORMAL\NORMAL2-IM-0079-0001.jpeg,NORMAL2-IM-0079-0001.jpeg,2345,1936,1.2112603305785123,105.08287635024406,56.91858769360572,0,255,L
test,NORMAL,0,data\raw\chest_xray\test\NORMAL\NORMAL2-IM-0059-0001.jpeg,NORMAL2-IM-0059-0001.jpeg,2244,2030,1.1054187192118226,115.98227391269988,64.54060090624665,0,255,L
test,NORMAL,0,data\raw\chest_xray\test\NORMAL\NORMAL2-IM-0290-0001.jpeg,NORMAL2-IM-0290-0001.jpeg,1396,897,1.556298773690078,132.9435423075326,48.99691903349934,0,255,L
test,NORMAL,0,data\raw\chest_xray\test\NORMAL\NORMAL2-IM-0278-0001.jpeg,NORMAL2-IM-0278-0001.jpeg,1700,1113,1.527403414195867,108.3189075630252,64.52075567760012,0,255,L
test,NORMAL,0,data\raw\chest_xray\test\NORMAL\NORMAL2-IM-0105-0001.jpeg,NORMAL2-IM-0105-0001.jpeg,2352,2166,1.0858725761772854,143.09888462541065,70.09634681921852,0,255,L
test,NORMAL,0,data\raw\chest_xray\test\NORMAL\IM-0050-0001.jpeg,IM-0050-0001.jpeg,2752,1882,1.4622741764080764,131.4621898014853,54.078317673294805,0,255,L
test,NORMAL,0,data\raw\chest_xray\test\NORMAL\NORMAL2-IM-0238-0001.jpeg,NORMAL2-IM-0238-0001.jpeg,1440,1064,1.3533834586466165,144.75205069966583,68.68466456005122,0,255,L
test,NORMAL,0,data\raw\chest_xray\test\NORMAL\IM-0101-0001.jpeg,IM-0101-0001.jpeg,1460,906,1.6114790286975718,100.97084731924159,62.04102806552062,0,255,L
test,NORMAL,0,data\raw\chest_xray\test\NORMAL\IM-0030-0001.jpeg,IM-0030-0001.jpeg,1647,1314,1.2534246575342465,109.65385752796237,51.1311234863666,0,255,L
test,NORMAL,0,data\raw\chest_xray\test\NORMAL\NORMAL2-IM-0173-0001-0002.jpeg,NORMAL2-IM-0173-0001-0002.jpeg,1304,952,1.3697478991596639,112.58636483734598,53.60131935708665,0,255,L
test,NORMAL,0,data\raw\chest_xray\test\NORMAL\NORMAL2-IM-0357-0001.jpeg,NORMAL2-IM-0357-0001.jpeg,1936,1554,1.2458172458172458,95.86884752225662,68.26921572838009,0,255,L
test,NORMAL,0,data\raw\chest_xray\test\NORMAL\NORMAL2-IM-0229-0001.jpeg,NORMAL2-IM-0229-0001.jpeg,1488,1168,1.273972602739726,148.33006230206954,58.456174495329805,0,255,L
test,NORMAL,0,data\raw\chest_xray\test\NORMAL\IM-0045-0001.jpeg,IM-0045-0001.jpeg,2746,2382,1.1528127623845508,145.04588798117467,58.45802157552715,0,255,L
test,NORMAL,0,data\raw\chest_xray\test\NORMAL\IM-0015-0001.jpeg,IM-0015-0001.jpeg,1803,1238,1.4563812600969306,136.62083388214043,47.550532306594185,0,255,L
test,NORMAL,0,data\raw\chest_xray\test\NORMAL\NORMAL2-IM-0374-0001-0002.jpeg,NORMAL2-IM-0374-0001-0002.jpeg,1516,982,1.5437881873727088,117.26365341315177,60.45255879287158,0,255,L
test,NORMAL,0,data\raw\chest_xray\test\NORMAL\NORMAL2-IM-0316-0001.jpeg,NORMAL2-IM-0316-0001.jpeg,1464,925,1.5827027027027027,108.9506734603456,55.91986116010099,0,255,L
test,NORMAL,0,data\raw\chest_xray\test\NORMAL\IM-0010-0001.jpeg,IM-0010-0001.jpeg,1873,1478,1.267253044654939,132.6076446360105,58.7849400022707,0,255,L
test,NORMAL,0,data\raw\chest_xray\test\NORMAL\IM-0035-0001.jpeg,IM-0035-0001.jpeg,2480,2329,1.0648346930012882,130.80170604856022,58.674161914888884,0,255,L
test,NORMAL,0,data\raw\chest_xray\test\NORMAL\NORMAL2-IM-0252-0001.jpeg,NORMAL2-IM-0252-0001.jpeg,1264,832,1.5192307692307692,146.60072381633398,62.75295025150966,0,255,L
test,NORMAL,0,data\raw\chest_xray\test\NORMAL\IM-0007-0001.jpeg,IM-0007-0001.jpeg,2053,1818,1.1292629262926293,137.69977901345908,53.96627086429768,0,255,L
test,NORMAL,0,data\raw\chest_xray\test\NORMAL\NORMAL2-IM-0199-0001.jpeg,NORMAL2-IM-0199-0001.jpeg,1584,1168,1.356164383561644,152.0934635308565,60.56661193890092,0,255,L
test,NORMAL,0,data\raw\chest_xray\test\NORMAL\IM-0043-0001.jpeg,IM-0043-0001.jpeg,2297,2032,1.1304133858267718,143.48278887388207,49.864063868591586,0,255,L
test,NORMAL,0,data\raw\chest_xray\test\NORMAL\NORMAL2-IM-0315-0001.jpeg,NORMAL2-IM-0315-0001.jpeg,1442,770,1.8727272727272728,108.70764450528667,63.289535826482535,0,255,L
test,NORMAL,0,data\raw\chest_xray\test\NORMAL\IM-0102-0001.jpeg,IM-0102-0001.jpeg,1472,863,1.7056778679026652,93.48861324877828,55.219706732137475,0,255,L
test,NORMAL,0,data\raw\chest_xray\test\NORMAL\NORMAL2-IM-0217-0001.jpeg,NORMAL2-IM-0217-0001.jpeg,1408,1040,1.353846153846154,137.49494850852273,65.35227572774625,0,255,L
test,NORMAL,0,data\raw\chest_xray\test\NORMAL\NORMAL2-IM-0369-0001.jpeg,NORMAL2-IM-0369-0001.jpeg,1434,906,1.5827814569536425,110.70456910539069,59.86325895556929,0,255,L
test,NORMAL,0,data\raw\chest_xray\test\NORMAL\NORMAL2-IM-0307-0001.jpeg,NORMAL2-IM-0307-0001.jpeg,1816,1435,1.2655052264808362,129.51248100508067,63.50624065683269,0,255,L
test,NORMAL,0,data\raw\chest_xray\test\NORMAL\NORMAL2-IM-0012-0001.jpeg,NORMAL2-IM-0012-0001.jpeg,1784,1440,1.238888888888889,101.31070861360239,61.49313515481947,0,255,L
test,NORMAL,0,data\raw\chest_xray\test\NORMAL\NORMAL2-IM-0311-0001.jpeg,NORMAL2-IM-0311-0001.jpeg,1844,1504,1.226063829787234,116.08557440462454,60.70467426967871,0,255,L
test,NORMAL,0,data\raw\chest_xray\test\NORMAL\IM-0105-0001.jpeg,IM-0105-0001.jpeg,2022,1299,1.556581986143187,131.4506475726211,63.91666277976801,0,255,L
test,NORMAL,0,data\raw\chest_xray\test\NORMAL\IM-0071-0001.jpeg,IM-0071-0001.jpeg,2060,1558,1.3222079589216944,130.28019866146542,60.145661470603784,0,255,L
test,NORMAL,0,data\raw\chest_xray\test\NORMAL\NORMAL2-IM-0274-0001.jpeg,NORMAL2-IM-0274-0001.jpeg,1646,1214,1.3558484349258648,112.59854151945409,64.53946873635117,0,255,L
test,NORMAL,0,data\raw\chest_xray\test\NORMAL\IM-0065-0001.jpeg,IM-0065-0001.jpeg,1562,1021,1.5298726738491675,106.41872094466899,63.55620131907891,0,248,L
test,NORMAL,0,data\raw\chest_xray\test\NORMAL\NORMAL2-IM-0201-0001.jpeg,NORMAL2-IM-0201-0001.jpeg,1800,1456,1.2362637362637363,147.51238514957265,63.14411808679012,0,255,L
test,NORMAL,0,data\raw\chest_xray\test\NORMAL\IM-0031-0001.jpeg,IM-0031-0001.jpeg,1949,1632,1.1942401960784315,138.5542183522973,58.196919937126914,0,255,L
test,NORMAL,0,data\raw\chest_xray\test\NORMAL\NORMAL2-IM-0304-0001.jpeg,NORMAL2-IM-0304-0001.jpeg,1532,986,1.5537525354969575,122.86971385294912,65.3287029389288,0,255,L
test,NORMAL,0,data\raw\chest_xray\test\NORMAL\NORMAL2-IM-0335-0001.jpeg,NORMAL2-IM-0335-0001.jpeg,1300,821,1.5834348355663825,124.72194134732503,54.59504294798386,0,255,L
test,NORMAL,0,data\raw\chest_xray\test\NORMAL\NORMAL2-IM-0045-0001.jpeg,NORMAL2-IM-0045-0001.jpeg,1733,1044,1.6599616858237547,105.16966072166841,67.71766431169678,0,255,L
test,NORMAL,0,data\raw\chest_xray\test\NORMAL\IM-0063-0001.jpeg,IM-0063-0001.jpeg,2034,1761,1.1550255536626917,113.51388602725835,59.25958322754397,0,255,L
test,PNEUMONIA,1,data\raw\chest_xray\test\PNEUMONIA\person101_bacteria_485.jpeg,person101_bacteria_485.jpeg,1032,752,1.372340425531915,113.45208642586178,43.6534822285292,0,255,L
test,PNEUMONIA,1,data\raw\chest_xray\test\PNEUMONIA\person113_bacteria_543.jpeg,person113_bacteria_543.jpeg,1388,1013,1.3701875616979269,127.42519010784869,63.600778618345586,0,255,L
test,PNEUMONIA,1,data\raw\chest_xray\test\PNEUMONIA\person111_bacteria_534.jpeg,person111_bacteria_534.jpeg,976,712,1.3707865168539326,118.173446421993,50.87845571416204,0,255,L
test,PNEUMONIA,1,data\raw\chest_xray\test\PNEUMONIA\person64_virus_122.jpeg,person64_virus_122.jpeg,1112,592,1.8783783783783783,131.2597963858643,68.61787224936582,0,255,L
test,PNEUMONIA,1,data\raw\chest_xray\test\PNEUMONIA\person30_virus_69.jpeg,person30_virus_69.jpeg,1576,1216,1.2960526315789473,127.96022158028319,56.15668762707118,0,255,L
test,PNEUMONIA,1,data\raw\chest_xray\test\PNEUMONIA\person92_bacteria_451.jpeg,person92_bacteria_451.jpeg,1040,568,1.8309859154929577,91.39241264897075,38.777254211620864,0,255,L
test,PNEUMONIA,1,data\raw\chest_xray\test\PNEUMONIA\person11_virus_38.jpeg,person11_virus_38.jpeg,1496,960,1.5583333333333333,106.01121950200535,49.74304418660501,0,255,L
test,PNEUMONIA,1,data\raw\chest_xray\test\PNEUMONIA\person26_virus_60.jpeg,person26_virus_60.jpeg,1152,720,1.6,131.8492332175926,61.832402197447834,0,255,L
test,PNEUMONIA,1,data\raw\chest_xray\test\PNEUMONIA\person173_bacteria_831.jpeg,person173_bacteria_831.jpeg,1368,1002,1.3652694610778444,102.60401492336963,54.91441856016287,0,227,L
test,PNEUMONIA,1,data\raw\chest_xray\test\PNEUMONIA\person138_bacteria_657.jpeg,person138_bacteria_657.jpeg,1296,888,1.4594594594594594,101.29725037537537,51.99313749698142,0,255,L
test,PNEUMONIA,1,data\raw\chest_xray\test\PNEUMONIA\person23_virus_56.jpeg,person23_virus_56.jpeg,1520,872,1.7431192660550459,133.4954256699662,71.35061606844323,0,255,L
test,PNEUMONIA,1,data\raw\chest_xray\test\PNEUMONIA\person152_bacteria_723.jpeg,person152_bacteria_723.jpeg,1136,752,1.5106382978723405,134.20421130506443,49.45805698106755,0,255,L
test,PNEUMONIA,1,data\raw\chest_xray\test\PNEUMONIA\person125_bacteria_594.jpeg,person125_bacteria_594.jpeg,1072,704,1.5227272727272727,106.536705234481,45.67551140017392,0,255,L
test,PNEUMONIA,1,data\raw\chest_xray\test\PNEUMONIA\person1643_virus_2843.jpeg,person1643_virus_2843.jpeg,1432,1288,1.1118012422360248,148.83936920954926,58.063966061652565,0,255,L
test,PNEUMONIA,1,data\raw\chest_xray\test\PNEUMONIA\person36_virus_81.jpeg,person36_virus_81.jpeg,1264,824,1.5339805825242718,125.64040609254025,75.45263241632654,0,255,L
test,PNEUMONIA,1,data\raw\chest_xray\test\PNEUMONIA\person29_virus_64.jpeg,person29_virus_64.jpeg,1024,600,1.7066666666666668,110.730380859375,59.940901457170085,0,255,L
test,PNEUMONIA,1,data\raw\chest_xray\test\PNEUMONIA\person131_bacteria_629.jpeg,person131_bacteria_629.jpeg,1184,648,1.8271604938271604,125.49228134384384,47.16873884423965,0,255,L
test,PNEUMONIA,1,data\raw\chest_xray\test\PNEUMONIA\person104_bacteria_491.jpeg,person104_bacteria_491.jpeg,1144,784,1.4591836734693877,112.70802523369488,56.4574309025516,0,255,L
test,PNEUMONIA,1,data\raw\chest_xray\test\PNEUMONIA\person141_bacteria_670.jpeg,person141_bacteria_670.jpeg,944,536,1.7611940298507462,129.4186239090564,59.74557287376228,0,255,L
test,PNEUMONIA,1,data\raw\chest_xray\test\PNEUMONIA\person1674_virus_2890.jpeg,person1674_virus_2890.jpeg,1960,1416,1.384180790960452,154.15720771359392,60.43301589506105,0,255,L
test,PNEUMONIA,1,data\raw\chest_xray\test\PNEUMONIA\person100_bacteria_475.jpeg,person100_bacteria_475.jpeg,1106,762,1.4514435695538057,110.57485891795172,55.757326151928865,0,255,L
test,PNEUMONIA,1,data\raw\chest_xray\test\PNEUMONIA\person1632_virus_2827.jpeg,person1632_virus_2827.jpeg,1592,1000,1.592,154.93190326633166,62.77338325674489,0,255,L
test,PNEUMONIA,1,data\raw\chest_xray\test\PNEUMONIA\person8_virus_27.jpeg,person8_virus_27.jpeg,1008,696,1.4482758620689655,108.9111974890531,48.4068331835872,0,255,L
test,PNEUMONIA,1,data\raw\chest_xray\test\PNEUMONIA\person161_bacteria_757.jpeg,person161_bacteria_757.jpeg,856,696,1.2298850574712643,75.46107429637985,32.01331948737171,0,255,L
test,PNEUMONIA,1,data\raw\chest_xray\test\PNEUMONIA\person126_bacteria_598.jpeg,person126_bacteria_598.jpeg,912,648,1.4074074074074074,122.73481156595192,54.88715891101245,0,255,L
test,PNEUMONIA,1,data\raw\chest_xray\test\PNEUMONIA\person142_bacteria_684.jpeg,person142_bacteria_684.jpeg,1096,712,1.5393258426966292,112.29433512056097,56.675479977235824,0,255,L
test,PNEUMONIA,1,data\raw\chest_xray\test\PNEUMONIA\person141_bacteria_677.jpeg,person141_bacteria_677.jpeg,848,632,1.3417721518987342,93.05262008896585,37.06449065920294,0,255,L
test,PNEUMONIA,1,data\raw\chest_xray\test\PNEUMONIA\person1_virus_11.jpeg,person1_virus_11.jpeg,872,560,1.5571428571428572,128.38718463302752,48.06121155478378,0,255,L
test,PNEUMONIA,1,data\raw\chest_xray\test\PNEUMONIA\person173_bacteria_830.jpeg,person173_bacteria_830.jpeg,1208,792,1.5252525252525253,116.69952839654826,55.11268375496371,0,255,L
test,PNEUMONIA,1,data\raw\chest_xray\test\PNEUMONIA\person93_bacteria_454.jpeg,person93_bacteria_454.jpeg,1056,592,1.7837837837837838,109.06603673986487,43.16197336548288,0,255,L
test,PNEUMONIA,1,data\raw\chest_xray\test\PNEUMONIA\person93_bacteria_453.jpeg,person93_bacteria_453.jpeg,952,656,1.451219512195122,150.14674177597868,45.7120994600991,0,255,L
test,PNEUMONIA,1,data\raw\chest_xray\test\PNEUMONIA\person117_bacteria_553.jpeg,person117_bacteria_553.jpeg,952,624,1.5256410256410255,115.77557537438052,51.60963447763449,0,255,L
test,PNEUMONIA,1,data\raw\chest_xray\test\PNEUMONIA\person1667_virus_2881.jpeg,person1667_virus_2881.jpeg,952,664,1.4337349397590362,106.37119380884884,63.247110845136724,0,255,L
test,PNEUMONIA,1,data\raw\chest_xray\test\PNEUMONIA\person124_bacteria_589.jpeg,person124_bacteria_589.jpeg,976,608,1.605263157894737,112.34997842968076,52.122549882615225,0,255,L
test,PNEUMONIA,1,data\raw\chest_xray\test\PNEUMONIA\person38_virus_84.jpeg,person38_virus_84.jpeg,1488,976,1.5245901639344261,137.13541873237264,76.08417865837897,0,255,L
test,PNEUMONIA,1,data\raw\chest_xray\test\PNEUMONIA\person125_bacteria_595.jpeg,person125_bacteria_595.jpeg,1336,744,1.7956989247311828,117.42785497553281,57.41481466872388,0,255,L
test,PNEUMONIA,1,data\raw\chest_xray\test\PNEUMONIA\person83_bacteria_407.jpeg,person83_bacteria_407.jpeg,1148,897,1.2798216276477146,87.96680864204724,56.83577392019438,0,255,L
test,PNEUMONIA,1,data\raw\chest_xray\test\PNEUMONIA\person109_bacteria_522.jpeg,person109_bacteria_522.jpeg,1112,736,1.5108695652173914,95.13407833515797,62.41136615851452,0,255,L
test,PNEUMONIA,1,data\raw\chest_xray\test\PNEUMONIA\person136_bacteria_649.jpeg,person136_bacteria_649.jpeg,840,648,1.2962962962962963,143.22903439153438,49.237941767529634,0,255,L
test,PNEUMONIA,1,data\raw\chest_xray\test\PNEUMONIA\person158_bacteria_743.jpeg,person158_bacteria_743.jpeg,992,784,1.2653061224489797,125.18058241441739,47.9667286119252,0,255,L
test,PNEUMONIA,1,data\raw\chest_xray\test\PNEUMONIA\person147_bacteria_705.jpeg,person147_bacteria_705.jpeg,1008,704,1.4318181818181819,128.9929033639971,53.869477090570456,0,255,L
test,PNEUMONIA,1,data\raw\chest_xray\test\PNEUMONIA\person74_virus_135.jpeg,person74_virus_135.jpeg,840,560,1.5,106.05725340136054,56.373684654613704,0,255,L
test,PNEUMONIA,1,data\raw\chest_xray\test\PNEUMONIA\person130_bacteria_626.jpeg,person130_bacteria_626.jpeg,1000,704,1.4204545454545454,123.00986931818181,53.08356672272172,0,255,L
test,PNEUMONIA,1,data\raw\chest_xray\test\PNEUMONIA\person83_bacteria_412.jpeg,person83_bacteria_412.jpeg,864,560,1.542857142857143,145.96547619047618,46.81617007856184,0,255,L
test,PNEUMONIA,1,data\raw\chest_xray\test\PNEUMONIA\person53_virus_108.jpeg,person53_virus_108.jpeg,1152,728,1.5824175824175823,124.53407595009158,61.08109955067442,0,255,L
test,PNEUMONIA,1,data\raw\chest_xray\test\PNEUMONIA\person113_bacteria_540.jpeg,person113_bacteria_540.jpeg,1160,776,1.4948453608247423,131.04713051013152,54.99458840778434,0,255,L
test,PNEUMONIA,1,data\raw\chest_xray\test\PNEUMONIA\person120_bacteria_570.jpeg,person120_bacteria_570.jpeg,1112,736,1.5108695652173914,101.84238152955896,51.92830905282236,0,255,L
test,PNEUMONIA,1,data\raw\chest_xray\test\PNEUMONIA\person90_bacteria_443.jpeg,person90_bacteria_443.jpeg,904,664,1.3614457831325302,127.32591261061947,45.83391515313444,0,255,L
test,PNEUMONIA,1,data\raw\chest_xray\test\PNEUMONIA\person150_bacteria_717.jpeg,person150_bacteria_717.jpeg,1260,816,1.5441176470588236,110.42047833022097,63.39122283853245,0,255,L
test,PNEUMONIA,1,data\raw\chest_xray\test\PNEUMONIA\person139_bacteria_663.jpeg,person139_bacteria_663.jpeg,920,920,1.0,123.12379253308129,53.50187260721531,0,255,L
test,PNEUMONIA,1,data\raw\chest_xray\test\PNEUMONIA\person139_bacteria_661.jpeg,person139_bacteria_661.jpeg,1040,856,1.2149532710280373,109.67461134076204,53.5227068071803,0,255,L
test,PNEUMONIA,1,data\raw\chest_xray\test\PNEUMONIA\person8_virus_28.jpeg,person8_virus_28.jpeg,992,688,1.441860465116279,83.41309106573519,36.132785905645285,0,255,L
test,PNEUMONIA,1,data\raw\chest_xray\test\PNEUMONIA\person120_bacteria_571.jpeg,person120_bacteria_571.jpeg,1120,592,1.8918918918918919,117.69197031853282,55.87724364046835,0,255,L
test,PNEUMONIA,1,data\raw\chest_xray\test\PNEUMONIA\person109_bacteria_513.jpeg,person109_bacteria_513.jpeg,976,696,1.4022988505747127,121.02619329423403,52.088459785525764,0,255,L
test,PNEUMONIA,1,data\raw\chest_xray\test\PNEUMONIA\person110_bacteria_531.jpeg,person110_bacteria_531.jpeg,1160,688,1.686046511627907,119.99161738171613,48.0597526833787,0,255,L
test,PNEUMONIA,1,data\raw\chest_xray\test\PNEUMONIA\person127_bacteria_603.jpeg,person127_bacteria_603.jpeg,1032,648,1.5925925925925926,127.21782885922097,56.911148524940906,0,255,L
test,PNEUMONIA,1,data\raw\chest_xray\test\PNEUMONIA\person153_bacteria_725.jpeg,person153_bacteria_725.jpeg,1464,808,1.811881188118812,100.54153647946762,47.592838579494014,0,255,L
test,PNEUMONIA,1,data\raw\chest_xray\test\PNEUMONIA\person71_virus_132.jpeg,person71_virus_132.jpeg,1368,904,1.5132743362831858,127.73653968069141,75.00481925801674,0,255,L
test,PNEUMONIA,1,data\raw\chest_xray\test\PNEUMONIA\person124_bacteria_590.jpeg,person124_bacteria_590.jpeg,992,696,1.4252873563218391,106.09279552512051,50.38481545592386,0,255,L
test,PNEUMONIA,1,data\raw\chest_xray\test\PNEUMONIA\person10_virus_35.jpeg,person10_virus_35.jpeg,1488,1136,1.3098591549295775,142.54158976033622,46.531229984765304,0,255,L
test,PNEUMONIA,1,data\raw\chest_xray\test\PNEUMONIA\person1619_virus_2806.jpeg,person1619_virus_2806.jpeg,1304,816,1.5980392156862746,150.97228644141705,66.7930864397791,0,255,L
test,PNEUMONIA,1,data\raw\chest_xray\test\PNEUMONIA\person78_bacteria_382.jpeg,person78_bacteria_382.jpeg,1016,544,1.8676470588235294,122.44089603114868,57.54191491486364,0,255,L
test,PNEUMONIA,1,data\raw\chest_xray\test\PNEUMONIA\person78_bacteria_381.jpeg,person78_bacteria_381.jpeg,824,536,1.537313432835821,108.60577497826402,42.12179697914911,0,255,L
test,PNEUMONIA,1,data\raw\chest_xray\test\PNEUMONIA\person1_virus_13.jpeg,person1_virus_13.jpeg,1136,654,1.7370030581039755,91.77428043028814,55.87600415860733,0,255,L
test,PNEUMONIA,1,data\raw\chest_xray\test\PNEUMONIA\person1610_virus_2793.jpeg,person1610_virus_2793.jpeg,1120,880,1.2727272727272727,111.62144886363636,65.72084641559793,0,255,L
test,PNEUMONIA,1,data\raw\chest_xray\test\PNEUMONIA\person146_bacteria_700.jpeg,person146_bacteria_700.jpeg,1168,776,1.5051546391752577,111.6688949742268,49.215147967550685,0,255,L
test,PNEUMONIA,1,data\raw\chest_xray\test\PNEUMONIA\person100_bacteria_481.jpeg,person100_bacteria_481.jpeg,952,624,1.5256410256410255,108.05386770092653,47.993165228285946,0,255,L
test,PNEUMONIA,1,data\raw\chest_xray\test\PNEUMONIA\person114_bacteria_546.jpeg,person114_bacteria_546.jpeg,1080,696,1.5517241379310345,122.07773520647083,49.16701641454622,0,255,L
test,PNEUMONIA,1,data\raw\chest_xray\test\PNEUMONIA\person138_bacteria_658.jpeg,person138_bacteria_658.jpeg,1200,944,1.271186440677966,124.83112199858758,52.30969198123045,0,255,L
test,PNEUMONIA,1,data\raw\chest_xray\test\PNEUMONIA\person1682_virus_2899.jpeg,person1682_virus_2899.jpeg,1712,1392,1.2298850574712643,141.49891150365238,48.87161789465434,0,255,L
test,PNEUMONIA,1,data\raw\chest_xray\test\PNEUMONIA\person90_bacteria_442.jpeg,person90_bacteria_442.jpeg,1232,888,1.3873873873873874,122.81884725634725,59.89034340260554,0,255,L
test,PNEUMONIA,1,data\raw\chest_xray\test\PNEUMONIA\person91_bacteria_449.jpeg,person91_bacteria_449.jpeg,1006,740,1.3594594594594596,114.98541050991349,56.29500606148579,0,255,L
test,PNEUMONIA,1,data\raw\chest_xray\test\PNEUMONIA\person136_bacteria_652.jpeg,person136_bacteria_652.jpeg,920,608,1.513157894736842,123.59019772597254,57.32049390781542,0,255,L
test,PNEUMONIA,1,data\raw\chest_xray\test\PNEUMONIA\person94_bacteria_457.jpeg,person94_bacteria_457.jpeg,1016,688,1.4767441860465116,132.7771928218275,51.69320753005799,0,255,L
test,PNEUMONIA,1,data\raw\chest_xray\test\PNEUMONIA\person100_bacteria_479.jpeg,person100_bacteria_479.jpeg,904,552,1.6376811594202898,112.29224982365012,45.47163879435478,0,255,L
test,PNEUMONIA,1,data\raw\chest_xray\test\PNEUMONIA\person108_bacteria_506.jpeg,person108_bacteria_506.jpeg,1184,1032,1.1472868217054264,149.59904590273413,55.30718393035647,0,255,L
test,PNEUMONIA,1,data\raw\chest_xray\test\PNEUMONIA\person132_bacteria_632.jpeg,person132_bacteria_632.jpeg,1120,704,1.5909090909090908,140.22799563717533,46.885477930998654,0,255,L
test,PNEUMONIA,1,data\raw\chest_xray\test\PNEUMONIA\person80_bacteria_393.jpeg,person80_bacteria_393.jpeg,1310,844,1.552132701421801,122.90316920516624,64.2994244927655,0,255,L
test,PNEUMONIA,1,data\raw\chest_xray\test\PNEUMONIA\person44_virus_94.jpeg,person44_virus_94.jpeg,1392,1008,1.380952380952381,138.67644191297208,69.16580129462821,0,255,L
test,PNEUMONIA,1,data\raw\chest_xray\test\PNEUMONIA\person121_bacteria_579.jpeg,person121_bacteria_579.jpeg,1112,600,1.8533333333333333,114.24971972422063,49.788855927122455,0,255,L
test,PNEUMONIA,1,data\raw\chest_xray\test\PNEUMONIA\person16_virus_47.jpeg,person16_virus_47.jpeg,1582,1333,1.1867966991747938,131.71669134097684,55.15832444591744,0,243,L
test,PNEUMONIA,1,data\raw\chest_xray\test\PNEUMONIA\person85_bacteria_417.jpeg,person85_bacteria_417.jpeg,1048,568,1.8450704225352113,111.63846293409311,55.725351087305256,0,255,L
test,PNEUMONIA,1,data\raw\chest_xray\test\PNEUMONIA\person1662_virus_2875.jpeg,person1662_virus_2875.jpeg,1160,672,1.7261904761904763,120.26030890804597,68.67040547725288,0,255,L
test,PNEUMONIA,1,data\raw\chest_xray\test\PNEUMONIA\person128_bacteria_605.jpeg,person128_bacteria_605.jpeg,1000,600,1.6666666666666667,118.949435,54.37681376145022,0,255,L
test,PNEUMONIA,1,data\raw\chest_xray\test\PNEUMONIA\person1669_virus_2884.jpeg,person1669_virus_2884.jpeg,1288,736,1.75,129.09553803503917,61.79080629290712,0,255,L
test,PNEUMONIA,1,data\raw\chest_xray\test\PNEUMONIA\person1685_virus_2903.jpeg,person1685_virus_2903.jpeg,792,560,1.4142857142857144,146.1000698953824,51.15189118024339,0,255,L
test,PNEUMONIA,1,data\raw\chest_xray\test\PNEUMONIA\person146_bacteria_704.jpeg,person146_bacteria_704.jpeg,1410,720,1.9583333333333333,95.44454984239559,52.978082233576885,0,255,L
test,PNEUMONIA,1,data\raw\chest_xray\test\PNEUMONIA\person65_virus_123.jpeg,person65_virus_123.jpeg,1320,768,1.71875,123.54680595012626,73.14248732681494,0,255,L
test,PNEUMONIA,1,data\raw\chest_xray\test\PNEUMONIA\person161_bacteria_759.jpeg,person161_bacteria_759.jpeg,856,480,1.7833333333333334,131.86387022975077,47.132330601635665,0,255,L
test,PNEUMONIA,1,data\raw\chest_xray\test\PNEUMONIA\person87_bacteria_433.jpeg,person87_bacteria_433.jpeg,1064,808,1.316831683168317,135.2751747096702,50.96547062578007,0,255,L
test,PNEUMONIA,1,data\raw\chest_xray\test\PNEUMONIA\person88_bacteria_437.jpeg,person88_bacteria_437.jpeg,1144,848,1.349056603773585,134.66268121618947,54.930816709253335,0,255,L
test,PNEUMONIA,1,data\raw\chest_xray\test\PNEUMONIA\person175_bacteria_834.jpeg,person175_bacteria_834.jpeg,1184,960,1.2333333333333334,109.55371885557433,58.592569702679754,0,255,L
test,PNEUMONIA,1,data\raw\chest_xray\test\PNEUMONIA\person1650_virus_2854.jpeg,person1650_virus_2854.jpeg,1120,680,1.6470588235294117,102.02848608193277,55.467281087716245,0,255,L
test,PNEUMONIA,1,data\raw\chest_xray\test\PNEUMONIA\person124_bacteria_592.jpeg,person124_bacteria_592.jpeg,1094,709,1.543018335684062,112.16978234916444,54.48524496936101,0,255,L
test,PNEUMONIA,1,data\raw\chest_xray\test\PNEUMONIA\person134_bacteria_641.jpeg,person134_bacteria_641.jpeg,1280,872,1.4678899082568808,152.73384640194953,50.427283144273225,0,255,L
test,PNEUMONIA,1,data\raw\chest_xray\test\PNEUMONIA\person134_bacteria_644.jpeg,person134_bacteria_644.jpeg,1184,792,1.494949494949495,142.33535630801256,42.640098685415815,0,255,L
test,PNEUMONIA,1,data\raw\chest_xray\test\PNEUMONIA\person104_bacteria_492.jpeg,person104_bacteria_492.jpeg,992,592,1.6756756756756757,123.87726473953792,50.937939820575785,0,255,L
test,PNEUMONIA,1,data\raw\chest_xray\test\PNEUMONIA\person122_bacteria_582.jpeg,person122_bacteria_582.jpeg,984,520,1.8923076923076922,109.07376485303314,51.588359398954175,0,255,L
test,PNEUMONIA,1,data\raw\chest_xray\test\PNEUMONIA\person155_bacteria_729.jpeg,person155_bacteria_729.jpeg,1224,976,1.2540983606557377,146.48943935497695,45.89737359213836,0,255,L
test,PNEUMONIA,1,data\raw\chest_xray\test\PNEUMONIA\person101_bacteria_483.jpeg,person101_bacteria_483.jpeg,1064,720,1.4777777777777779,156.09279840225565,44.37546986156204,0,255,L
test,PNEUMONIA,1,data\raw\chest_xray\test\PNEUMONIA\person108_bacteria_507.jpeg,person108_bacteria_507.jpeg,1176,1032,1.1395348837209303,125.71475208300375,57.94825754948561,0,255,L
test,PNEUMONIA,1,data\raw\chest_xray\test\PNEUMONIA\person41_virus_88.jpeg,person41_virus_88.jpeg,1328,984,1.3495934959349594,146.23773217871485,61.53578244847016,0,255,L
test,PNEUMONIA,1,data\raw\chest_xray\test\PNEUMONIA\person82_bacteria_404.jpeg,person82_bacteria_404.jpeg,840,464,1.8103448275862069,102.72754515599343,47.82739011664208,0,255,L
test,PNEUMONIA,1,data\raw\chest_xray\test\PNEUMONIA\person81_bacteria_395.jpeg,person81_bacteria_395.jpeg,912,584,1.5616438356164384,129.35573066870944,53.41631179596924,0,255,L
test,PNEUMONIA,1,data\raw\chest_xray\test\PNEUMONIA\person96_bacteria_466.jpeg,person96_bacteria_466.jpeg,1064,856,1.2429906542056075,124.74368017005129,58.55853093331346,0,255,L
test,PNEUMONIA,1,data\raw\chest_xray\test\PNEUMONIA\person1614_virus_2800.jpeg,person1614_virus_2800.jpeg,1216,936,1.2991452991452992,147.76312714378093,62.82274665993055,0,255,L
test,PNEUMONIA,1,data\raw\chest_xray\test\PNEUMONIA\person3_virus_16.jpeg,person3_virus_16.jpeg,1256,848,1.4811320754716981,149.9365038381805,44.12434102566233,0,255,L
test,PNEUMONIA,1,data\raw\chest_xray\test\PNEUMONIA\person92_bacteria_450.jpeg,person92_bacteria_450.jpeg,1072,560,1.9142857142857144,101.76081589818763,49.94247245739713,0,255,L
test,PNEUMONIA,1,data\raw\chest_xray\test\PNEUMONIA\person43_virus_92.jpeg,person43_virus_92.jpeg,1192,752,1.5851063829787233,120.88871621983435,57.91320080670496,0,255,L
test,PNEUMONIA,1,data\raw\chest_xray\test\PNEUMONIA\person121_bacteria_575.jpeg,person121_bacteria_575.jpeg,1072,632,1.6962025316455696,135.3946087403174,50.27587347837316,0,255,L
test,PNEUMONIA,1,data\raw\chest_xray\test\PNEUMONIA\person126_bacteria_599.jpeg,person126_bacteria_599.jpeg,856,592,1.445945945945946,128.95164695945945,53.47757917206599,0,255,L
test,PNEUMONIA,1,data\raw\chest_xray\test\PNEUMONIA\person35_virus_80.jpeg,person35_virus_80.jpeg,1552,1016,1.5275590551181102,127.27437038314798,70.62449116789276,0,255,L
test,PNEUMONIA,1,data\raw\chest_xray\test\PNEUMONIA\person143_bacteria_687.jpeg,person143_bacteria_687.jpeg,944,744,1.2688172043010753,89.46193417395662,47.15405226427759,0,255,L
test,PNEUMONIA,1,data\raw\chest_xray\test\PNEUMONIA\person174_bacteria_832.jpeg,person174_bacteria_832.jpeg,1365,1118,1.2209302325581395,131.1047455228135,59.68743096871159,0,237,L
test,PNEUMONIA,1,data\raw\chest_xray\test\PNEUMONIA\person152_bacteria_722.jpeg,person152_bacteria_722.jpeg,1120,648,1.728395061728395,138.40200066137567,46.08999055970452,0,255,L
test,PNEUMONIA,1,data\raw\chest_xray\test\PNEUMONIA\person136_bacteria_650.jpeg,person136_bacteria_650.jpeg,936,528,1.7727272727272727,112.75798246891996,48.280835668721885,0,255,L
test,PNEUMONIA,1,data\raw\chest_xray\test\PNEUMONIA\person108_bacteria_504.jpeg,person108_bacteria_504.jpeg,1336,1040,1.2846153846153847,141.2604840799171,64.3824914405731,0,255,L
test,PNEUMONIA,1,data\raw\chest_xray\test\PNEUMONIA\person157_bacteria_740.jpeg,person157_bacteria_740.jpeg,1152,832,1.3846153846153846,96.37639598357372,55.30970518126177,0,255,L
test,PNEUMONIA,1,data\raw\chest_xray\test\PNEUMONIA\person109_bacteria_519.jpeg,person109_bacteria_519.jpeg,1080,776,1.3917525773195876,105.620055364643,51.93409731160077,0,255,L
test,PNEUMONIA,1,data\raw\chest_xray\test\PNEUMONIA\person1613_virus_2799.jpeg,person1613_virus_2799.jpeg,1112,600,1.8533333333333333,124.61334082733813,59.510470194157925,0,255,L
test,PNEUMONIA,1,data\raw\chest_xray\test\PNEUMONIA\person81_bacteria_397.jpeg,person81_bacteria_397.jpeg,888,344,2.5813953488372094,117.45289912005028,44.52270911089198,0,255,L
test,PNEUMONIA,1,data\raw\chest_xray\test\PNEUMONIA\person14_virus_44.jpeg,person14_virus_44.jpeg,1568,1184,1.3243243243243243,58.722965970594316,25.439106297743113,0,255,L
test,PNEUMONIA,1,data\raw\chest_xray\test\PNEUMONIA\person50_virus_102.jpeg,person50_virus_102.jpeg,1280,760,1.6842105263157894,111.02034847861842,60.976894504784696,0,255,L
test,PNEUMONIA,1,data\raw\chest_xray\test\PNEUMONIA\person1_virus_8.jpeg,person1_virus_8.jpeg,960,544,1.7647058823529411,107.48367225796568,47.671291197022974,0,255,L
test,PNEUMONIA,1,data\raw\chest_xray\test\PNEUMONIA\person1653_virus_2858.jpeg,person1653_virus_2858.jpeg,1008,592,1.7027027027027026,119.28918818371943,64.52358416571782,0,255,L
test,PNEUMONIA,1,data\raw\chest_xray\test\PNEUMONIA\person1612_virus_2797.jpeg,person1612_virus_2797.jpeg,832,448,1.8571428571428572,112.8991216303228,53.39140378641584,0,255,L
test,PNEUMONIA,1,data\raw\chest_xray\test\PNEUMONIA\person71_virus_131.jpeg,person71_virus_131.jpeg,1232,888,1.3873873873873874,131.16141171609922,61.68343767055308,0,255,L
test,PNEUMONIA,1,data\raw\chest_xray\test\PNEUMONIA\person96_bacteria_465.jpeg,person96_bacteria_465.jpeg,1120,856,1.308411214953271,125.28507906375167,63.51785495914244,0,255,L
test,PNEUMONIA,1,data\raw\chest_xray\test\PNEUMONIA\person147_bacteria_706.jpeg,person147_bacteria_706.jpeg,1120,808,1.386138613861386,108.56390890205093,54.90463014786789,0,255,L
test,PNEUMONIA,1,data\raw\chest_xray\test\PNEUMONIA\person1676_virus_2892.jpeg,person1676_virus_2892.jpeg,1624,1104,1.4710144927536233,145.7551843497894,59.32475089193056,0,255,L
test,PNEUMONIA,1,data\raw\chest_xray\test\PNEUMONIA\person81_bacteria_398.jpeg,person81_bacteria_398.jpeg,848,600,1.4133333333333333,141.32362224842768,44.87849708006587,0,255,L
test,PNEUMONIA,1,data\raw\chest_xray\test\PNEUMONIA\person139_bacteria_664.jpeg,person139_bacteria_664.jpeg,976,664,1.4698795180722892,113.41881048785305,53.45580513715214,0,255,L
test,PNEUMONIA,1,data\raw\chest_xray\test\PNEUMONIA\person78_bacteria_378.jpeg,person78_bacteria_378.jpeg,728,368,1.9782608695652173,143.56543015408505,42.42743776901479,0,255,L
test,PNEUMONIA,1,data\raw\chest_xray\test\PNEUMONIA\person1634_virus_2830.jpeg,person1634_virus_2830.jpeg,1336,1024,1.3046875,138.89456268127807,64.91938442444932,0,255,L
test,PNEUMONIA,1,data\raw\chest_xray\test\PNEUMONIA\person159_bacteria_746.jpeg,person159_bacteria_746.jpeg,1032,648,1.5925925925925926,126.56585857498325,43.74451836406489,0,255,L
test,PNEUMONIA,1,data\raw\chest_xray\test\PNEUMONIA\person154_bacteria_728.jpeg,person154_bacteria_728.jpeg,1558,1218,1.2791461412151068,118.71661386434968,58.91575624681396,0,255,L
test,PNEUMONIA,1,data\raw\chest_xray\test\PNEUMONIA\person52_virus_106.jpeg,person52_virus_106.jpeg,1048,688,1.5232558139534884,134.1545454797621,63.6061199626047,0,255,L
test,PNEUMONIA,1,data\raw\chest_xray\test\PNEUMONIA\person111_bacteria_537.jpeg,person111_bacteria_537.jpeg,1130,666,1.6966966966966968,130.89796167849266,56.30707853161247,0,255,L
test,PNEUMONIA,1,data\raw\chest_xray\test\PNEUMONIA\person3_virus_15.jpeg,person3_virus_15.jpeg,1304,968,1.3471074380165289,105.92033254322365,48.26308254066009,0,255,L
test,PNEUMONIA,1,data\raw\chest_xray\test\PNEUMONIA\person152_bacteria_720.jpeg,person152_bacteria_720.jpeg,1192,760,1.568421052631579,122.96700039738609,53.22539645420794,0,255,L
test,PNEUMONIA,1,data\raw\chest_xray\test\PNEUMONIA\person96_bacteria_464.jpeg,person96_bacteria_464.jpeg,936,800,1.17,139.40385550213676,50.542861141067895,0,255,L
test,PNEUMONIA,1,data\raw\chest_xray\test\PNEUMONIA\person1671_virus_2887.jpeg,person1671_virus_2887.jpeg,1512,888,1.7027027027027026,121.25399953524953,78.64692719524615,0,255,L
test,PNEUMONIA,1,data\raw\chest_xray\test\PNEUMONIA\person120_bacteria_573.jpeg,person120_bacteria_573.jpeg,1272,813,1.5645756457564575,112.1827728654645,68.75001174619558,0,255,L
test,PNEUMONIA,1,data\raw\chest_xray\test\PNEUMONIA\person136_bacteria_654.jpeg,person136_bacteria_654.jpeg,1082,720,1.5027777777777778,100.8741309817211,49.56325901724635,0,249,L
test,PNEUMONIA,1,data\raw\chest_xray\test\PNEUMONIA\person1615_virus_2801.jpeg,person1615_virus_2801.jpeg,1400,1048,1.3358778625954197,122.87578585059978,74.13265929791062,0,255,L
test,PNEUMONIA,1,data\raw\chest_xray\test\PNEUMONIA\person158_bacteria_745.jpeg,person158_bacteria_745.jpeg,1406,913,1.5399780941949617,103.41453931593438,72.08318426922135,0,255,L
test,PNEUMONIA,1,data\raw\chest_xray\test\PNEUMONIA\person100_bacteria_482.jpeg,person100_bacteria_482.jpeg,1040,696,1.4942528735632183,106.5088776525199,55.426627956589726,0,255,L
test,PNEUMONIA,1,data\raw\chest_xray\test\PNEUMONIA\person38_virus_83.jpeg,person38_virus_83.jpeg,1400,1136,1.232394366197183,152.3544328470825,71.1103863254369,0,255,L
test,PNEUMONIA,1,data\raw\chest_xray\test\PNEUMONIA\person3_virus_17.jpeg,person3_virus_17.jpeg,1344,1120,1.2,112.06878853103741,53.66843794212948,0,255,L
test,PNEUMONIA,1,data\raw\chest_xray\test\PNEUMONIA\person101_bacteria_486.jpeg,person101_bacteria_486.jpeg,1136,680,1.6705882352941177,136.31308771748135,47.379073911179376,0,255,L
train,NORMAL,0,data\raw\chest_xray\train\NORMAL\NORMAL2-IM-0657-0001.jpeg,NORMAL2-IM-0657-0001.jpeg,1524,1295,1.1768339768339768,121.65269560899482,57.56286431884317,0,255,L
train,NORMAL,0,data\raw\chest_xray\train\NORMAL\IM-0701-0001.jpeg,IM-0701-0001.jpeg,1576,1272,1.2389937106918238,108.31749832391533,62.17111857639641,0,255,L
train,NORMAL,0,data\raw\chest_xray\train\NORMAL\IM-0728-0001.jpeg,IM-0728-0001.jpeg,1574,1229,1.2807160292921074,115.6908965150746,52.882540366771934,0,255,L
train,NORMAL,0,data\raw\chest_xray\train\NORMAL\IM-0606-0001.jpeg,IM-0606-0001.jpeg,1850,1445,1.2802768166089966,126.92304909754044,63.03952433331415,0,255,L
train,NORMAL,0,data\raw\chest_xray\train\NORMAL\IM-0459-0001.jpeg,IM-0459-0001.jpeg,2338,1970,1.1868020304568527,136.12747087406044,64.3054444728034,0,255,L
train,NORMAL,0,data\raw\chest_xray\train\NORMAL\IM-0501-0001-0002.jpeg,IM-0501-0001-0002.jpeg,1562,1059,1.4749763928234183,100.33873124574556,48.158558839376326,0,255,L
train,NORMAL,0,data\raw\chest_xray\train\NORMAL\NORMAL2-IM-1102-0001.jpeg,NORMAL2-IM-1102-0001.jpeg,1790,1441,1.2421929215822345,131.70497598269358,59.00427235736383,0,255,L
train,NORMAL,0,data\raw\chest_xray\train\NORMAL\IM-0658-0001.jpeg,IM-0658-0001.jpeg,1800,1723,1.044689495066744,137.51141742438898,66.32626629669863,0,255,L
train,NORMAL,0,data\raw\chest_xray\train\NORMAL\NORMAL2-IM-0840-0001.jpeg,NORMAL2-IM-0840-0001.jpeg,1786,1175,1.52,112.95686926687475,74.82435655916716,0,255,L
train,NORMAL,0,data\raw\chest_xray\train\NORMAL\NORMAL2-IM-0531-0001.jpeg,NORMAL2-IM-0531-0001.jpeg,1744,1345,1.2966542750929368,96.18760572627127,50.128876568260615,0,255,L
train,NORMAL,0,data\raw\chest_xray\train\NORMAL\NORMAL2-IM-1017-0001.jpeg,NORMAL2-IM-1017-0001.jpeg,1364,1067,1.2783505154639174,114.00413978952692,61.61646168324476,0,255,L
train,NORMAL,0,data\raw\chest_xray\train\NORMAL\NORMAL2-IM-1120-0001.jpeg,NORMAL2-IM-1120-0001.jpeg,1500,1113,1.3477088948787062,145.43999580712787,61.28703347343242,0,255,L
train,NORMAL,0,data\raw\chest_xray\train\NORMAL\IM-0240-0001.jpeg,IM-0240-0001.jpeg,1944,1708,1.1381733021077283,120.32469961016182,62.47056469664491,0,255,L
train,NORMAL,0,data\raw\chest_xray\train\NORMAL\IM-0466-0001.jpeg,IM-0466-0001.jpeg,1600,1264,1.2658227848101267,128.51135828718355,52.446334475776375,0,255,L
train,NORMAL,0,data\raw\chest_xray\train\NORMAL\NORMAL2-IM-1104-0001.jpeg,NORMAL2-IM-1104-0001.jpeg,2268,1959,1.1577335375191424,116.69672780537167,53.17205667754748,0,255,L
train,NORMAL,0,data\raw\chest_xray\train\NORMAL\NORMAL2-IM-0384-0001.jpeg,NORMAL2-IM-0384-0001.jpeg,1268,924,1.3722943722943723,113.03114032392423,57.7608120978473,0,255,L
train,NORMAL,0,data\raw\chest_xray\train\NORMAL\NORMAL2-IM-0453-0001.jpeg,NORMAL2-IM-0453-0001.jpeg,1434,1179,1.2162849872773538,111.64724200709061,59.092418971740116,0,255,L
train,NORMAL,0,data\raw\chest_xray\train\NORMAL\NORMAL2-IM-0966-0001.jpeg,NORMAL2-IM-0966-0001.jpeg,1518,1071,1.4173669467787116,113.16369578134284,63.728169830199924,0,255,L
train,NORMAL,0,data\raw\chest_xray\train\NORMAL\IM-0694-0001.jpeg,IM-0694-0001.jpeg,1820,1410,1.2907801418439717,121.84285519445093,61.60916616435597,0,255,L
train,NORMAL,0,data\raw\chest_xray\train\NORMAL\NORMAL2-IM-0698-0001.jpeg,NORMAL2-IM-0698-0001.jpeg,1554,1245,1.2481927710843375,123.69660831227097,57.58350816408518,0,255,L
train,NORMAL,0,data\raw\chest_xray\train\NORMAL\NORMAL2-IM-1333-0001.jpeg,NORMAL2-IM-1333-0001.jpeg,1364,1456,0.9368131868131868,113.60087543504882,52.30712896853957,0,255,L
train,NORMAL,0,data\raw\chest_xray\train\NORMAL\NORMAL2-IM-0383-0001.jpeg,NORMAL2-IM-0383-0001.jpeg,1882,1480,1.2716216216216216,101.54774320016084,67.0383542951132,0,255,L
train,NORMAL,0,data\raw\chest_xray\train\NORMAL\NORMAL2-IM-0602-0001.jpeg,NORMAL2-IM-0602-0001.jpeg,2619,2628,0.9965753424657534,137.59905049332156,69.90971945887165,0,255,L
train,NORMAL,0,data\raw\chest_xray\train\NORMAL\IM-0242-0001.jpeg,IM-0242-0001.jpeg,1844,1468,1.2561307901907357,133.31319893076892,55.636484170282564,0,255,L
train,NORMAL,0,data\raw\chest_xray\train\NORMAL\NORMAL2-IM-1060-0001.jpeg,NORMAL2-IM-1060-0001.jpeg,1546,1271,1.2163650668764752,121.28057381145526,65.02735992418327,0,255,L
train,NORMAL,0,data\raw\chest_xray\train\NORMAL\NORMAL2-IM-0508-0001.jpeg,NORMAL2-IM-0508-0001.jpeg,1422,1066,1.3339587242026267,110.07505614004533,66.9938381975755,0,255,L
train,NORMAL,0,data\raw\chest_xray\train\NORMAL\NORMAL2-IM-0618-0001.jpeg,NORMAL2-IM-0618-0001.jpeg,1534,1121,1.368421052631579,119.9648112890451,63.347220895285304,0,255,L
train,NORMAL,0,data\raw\chest_xray\train\NORMAL\NORMAL2-IM-1269-0001-0002.jpeg,NORMAL2-IM-1269-0001-0002.jpeg,1372,1047,1.3104106972301814,112.05026787628682,69.40763225458711,0,255,L
train,NORMAL,0,data\raw\chest_xray\train\NORMAL\NORMAL2-IM-1177-0001.jpeg,NORMAL2-IM-1177-0001.jpeg,1518,1310,1.1587786259541986,138.57266994538816,59.802782497046564,0,255,L
train,NORMAL,0,data\raw\chest_xray\train\NORMAL\NORMAL2-IM-0415-0001.jpeg,NORMAL2-IM-0415-0001.jpeg,1524,1410,1.0808510638297872,131.70166601515237,57.759572671180834,0,255,L
train,NORMAL,0,data\raw\chest_xray\train\NORMAL\NORMAL2-IM-1039-0001.jpeg,NORMAL2-IM-1039-0001.jpeg,1384,1090,1.269724770642202,127.51985734740414,58.27283960315275,0,255,L
train,NORMAL,0,data\raw\chest_xray\train\NORMAL\NORMAL2-IM-1360-0001.jpeg,NORMAL2-IM-1360-0001.jpeg,1184,984,1.2032520325203253,133.99116780652605,59.03418142161855,0,255,L
train,NORMAL,0,data\raw\chest_xray\train\NORMAL\IM-0686-0001.jpeg,IM-0686-0001.jpeg,1160,897,1.2931995540691192,112.00112539883904,50.947683471225915,0,255,L
train,NORMAL,0,data\raw\chest_xray\train\NORMAL\NORMAL2-IM-1116-0001-0002.jpeg,NORMAL2-IM-1116-0001-0002.jpeg,1940,1761,1.1016467915956842,126.73438475093228,60.25348284091582,0,255,L
train,NORMAL,0,data\raw\chest_xray\train\NORMAL\NORMAL2-IM-0856-0001.jpeg,NORMAL2-IM-0856-0001.jpeg,1395,1312,1.0632621951219512,162.2669791939855,52.275078527924045,0,255,L
train,NORMAL,0,data\raw\chest_xray\train\NORMAL\NORMAL2-IM-0463-0001.jpeg,NORMAL2-IM-0463-0001.jpeg,1646,1121,1.4683318465655664,123.22020837149611,64.50502045838859,0,255,L
train,NORMAL,0,data\raw\chest_xray\train\NORMAL\NORMAL2-IM-0402-0001.jpeg,NORMAL2-IM-0402-0001.jpeg,1666,1252,1.3306709265175718,106.00321502402878,63.41915491609765,0,255,L
train,NORMAL,0,data\raw\chest_xray\train\NORMAL\NORMAL2-IM-0550-0001.jpeg,NORMAL2-IM-0550-0001.jpeg,1404,1333,1.0532633158289573,119.46495117369086,58.97895033985259,0,255,L
train,NORMAL,0,data\raw\chest_xray\train\NORMAL\NORMAL2-IM-1321-0001.jpeg,NORMAL2-IM-1321-0001.jpeg,1530,1399,1.093638313080772,117.91598480707508,66.64855467214238,0,255,L
train,NORMAL,0,data\raw\chest_xray\train\NORMAL\IM-0210-0001.jpeg,IM-0210-0001.jpeg,1688,1105,1.527601809954751,110.79361208209131,66.6047703304291,0,255,L
train,NORMAL,0,data\raw\chest_xray\train\NORMAL\IM-0178-0001.jpeg,IM-0178-0001.jpeg,1646,1124,1.4644128113879002,142.1678408348936,58.88086414759294,0,255,L
train,NORMAL,0,data\raw\chest_xray\train\NORMAL\NORMAL2-IM-0440-0001.jpeg,NORMAL2-IM-0440-0001.jpeg,1516,1295,1.1706563706563706,131.80540183983456,54.83572953822916,0,255,L
train,NORMAL,0,data\raw\chest_xray\train\NORMAL\IM-0593-0001.jpeg,IM-0593-0001.jpeg,1728,1333,1.296324081020255,155.84929175002083,73.70323778118356,0,255,L
train,NORMAL,0,data\raw\chest_xray\train\NORMAL\NORMAL2-IM-0535-0001.jpeg,NORMAL2-IM-0535-0001.jpeg,1682,1519,1.1073074391046742,112.53771060033081,62.02102207719702,0,255,L
train,NORMAL,0,data\raw\chest_xray\train\NORMAL\IM-0543-0001-0002.jpeg,IM-0543-0001-0002.jpeg,1640,1410,1.1631205673758864,123.33226474658363,55.87953659046943,0,255,L
train,NORMAL,0,data\raw\chest_xray\train\NORMAL\IM-0435-0001.jpeg,IM-0435-0001.jpeg,1130,831,1.3598074608904933,125.33370392852198,54.90360105667495,0,255,L
train,NORMAL,0,data\raw\chest_xray\train\NORMAL\IM-0213-0001.jpeg,IM-0213-0001.jpeg,1928,1303,1.4796623177283192,120.42083103785392,63.135696366104625,0,255,L
train,NORMAL,0,data\raw\chest_xray\train\NORMAL\IM-0628-0001.jpeg,IM-0628-0001.jpeg,2012,1457,1.3809196980096088,144.77373473639972,52.71919195146671,0,255,L
train,NORMAL,0,data\raw\chest_xray\train\NORMAL\NORMAL2-IM-1048-0001.jpeg,NORMAL2-IM-1048-0001.jpeg,1496,1012,1.4782608695652173,102.14499799201032,63.296258912801676,0,255,L
train,NORMAL,0,data\raw\chest_xray\train\NORMAL\IM-0438-0001.jpeg,IM-0438-0001.jpeg,1904,1422,1.3389592123769338,126.5021603050503,64.82840671556521,0,255,L
train,NORMAL,0,data\raw\chest_xray\train\NORMAL\NORMAL2-IM-0474-0001.jpeg,NORMAL2-IM-0474-0001.jpeg,1728,1619,1.067325509573811,139.38457774289114,57.18554756097164,0,255,L
train,NORMAL,0,data\raw\chest_xray\train\NORMAL\NORMAL2-IM-1310-0001.jpeg,NORMAL2-IM-1310-0001.jpeg,1608,1468,1.095367847411444,138.87190833977252,57.40728473907599,0,255,L
train,NORMAL,0,data\raw\chest_xray\train\NORMAL\NORMAL2-IM-0669-0001.jpeg,NORMAL2-IM-0669-0001.jpeg,1692,1735,0.9752161383285303,123.7602707434886,59.05109065073548,0,255,L
train,NORMAL,0,data\raw\chest_xray\train\NORMAL\NORMAL2-IM-1326-0001.jpeg,NORMAL2-IM-1326-0001.jpeg,1188,885,1.3423728813559321,110.6527830089977,56.978281085036144,0,255,L
train,NORMAL,0,data\raw\chest_xray\train\NORMAL\NORMAL2-IM-0537-0001.jpeg,NORMAL2-IM-0537-0001.jpeg,2458,1870,1.3144385026737968,115.30117090108475,68.70630470472643,0,255,L
train,NORMAL,0,data\raw\chest_xray\train\NORMAL\IM-0508-0001.jpeg,IM-0508-0001.jpeg,1936,1669,1.1599760335530258,115.48229936766214,66.84696733536775,0,255,L
train,NORMAL,0,data\raw\chest_xray\train\NORMAL\IM-0275-0001.jpeg,IM-0275-0001.jpeg,1866,1595,1.1699059561128526,105.89304028196366,64.87305026106772,0,255,L
train,NORMAL,0,data\raw\chest_xray\train\NORMAL\NORMAL2-IM-1153-0001.jpeg,NORMAL2-IM-1153-0001.jpeg,1628,1283,1.2689010132501948,122.36495535073088,60.80982042375719,0,255,L
train,NORMAL,0,data\raw\chest_xray\train\NORMAL\IM-0564-0001.jpeg,IM-0564-0001.jpeg,1472,1360,1.0823529411764705,132.47872642263428,54.40225400632875,0,255,L
train,NORMAL,0,data\raw\chest_xray\train\NORMAL\IM-0425-0001.jpeg,IM-0425-0001.jpeg,1850,1314,1.4079147640791476,106.35861944135917,61.92515574998531,0,255,L
train,NORMAL,0,data\raw\chest_xray\train\NORMAL\IM-0408-0001.jpeg,IM-0408-0001.jpeg,1442,1148,1.2560975609756098,131.60176535686497,58.65375456839285,0,255,L
train,NORMAL,0,data\raw\chest_xray\train\NORMAL\NORMAL2-IM-0825-0001.jpeg,NORMAL2-IM-0825-0001.jpeg,1720,1507,1.141340411413404,118.3414272156294,60.89872251837772,0,255,L
train,NORMAL,0,data\raw\chest_xray\train\NORMAL\NORMAL2-IM-0620-0001.jpeg,NORMAL2-IM-0620-0001.jpeg,1736,1785,0.9725490196078431,130.4194571376938,64.03689430880618,0,255,L
train,NORMAL,0,data\raw\chest_xray\train\NORMAL\NORMAL2-IM-0957-0001.jpeg,NORMAL2-IM-0957-0001.jpeg,2633,2578,1.02133436772692,143.55054380797287,75.77974852372533,0,255,L
train,NORMAL,0,data\raw\chest_xray\train\NORMAL\NORMAL2-IM-1401-0001.jpeg,NORMAL2-IM-1401-0001.jpeg,1272,1048,1.213740458015267,142.18764252964615,65.72027030241007,0,255,L
train,NORMAL,0,data\raw\chest_xray\train\NORMAL\IM-0225-0001.jpeg,IM-0225-0001.jpeg,2214,1974,1.121580547112462,114.46706827419507,63.48980499203809,0,255,L
train,NORMAL,0,data\raw\chest_xray\train\NORMAL\NORMAL2-IM-0811-0001.jpeg,NORMAL2-IM-0811-0001.jpeg,1678,1368,1.226608187134503,144.71108479880672,62.997467620432154,0,255,L
train,NORMAL,0,data\raw\chest_xray\train\NORMAL\IM-0490-0001.jpeg,IM-0490-0001.jpeg,2226,2013,1.105812220566319,126.67195863901709,57.19542674373303,0,255,L
train,NORMAL,0,data\raw\chest_xray\train\NORMAL\NORMAL2-IM-1019-0001.jpeg,NORMAL2-IM-1019-0001.jpeg,1414,1020,1.3862745098039215,104.67845355964168,57.92782521124152,0,255,L
train,NORMAL,0,data\raw\chest_xray\train\NORMAL\IM-0552-0001.jpeg,IM-0552-0001.jpeg,1924,1623,1.1854590264941467,122.01209420710344,63.751468663061,0,255,L
train,NORMAL,0,data\raw\chest_xray\train\NORMAL\IM-0203-0001.jpeg,IM-0203-0001.jpeg,1434,1260,1.138095238095238,121.52624139381462,61.473046034337386,0,255,L
train,NORMAL,0,data\raw\chest_xray\train\NORMAL\NORMAL2-IM-1044-0001.jpeg,NORMAL2-IM-1044-0001.jpeg,1458,1248,1.1682692307692308,104.17386666402871,63.727044633883004,0,255,L
train,NORMAL,0,data\raw\chest_xray\train\NORMAL\NORMAL2-IM-1305-0001.jpeg,NORMAL2-IM-1305-0001.jpeg,1140,846,1.3475177304964538,92.53785512836464,50.22845107963199,0,255,L
train,NORMAL,0,data\raw\chest_xray\train\NORMAL\NORMAL2-IM-1144-0001.jpeg,NORMAL2-IM-1144-0001.jpeg,1682,1241,1.35535858178888,131.43405839523763,60.14436340285134,0,255,L
train,NORMAL,0,data\raw\chest_xray\train\NORMAL\IM-0439-0001-0002.jpeg,IM-0439-0001-0002.jpeg,1368,1032,1.3255813953488371,117.7102281098418,62.22695222053119,0,255,L
train,NORMAL,0,data\raw\chest_xray\train\NORMAL\NORMAL2-IM-0925-0001.jpeg,NORMAL2-IM-0925-0001.jpeg,1886,1916,0.9843423799582464,98.05937802332095,67.56439844335098,0,255,L
train,NORMAL,0,data\raw\chest_xray\train\NORMAL\IM-0627-0001.jpeg,IM-0627-0001.jpeg,1802,1514,1.190224570673712,122.14622458240294,62.29336304412883,0,255,L
train,NORMAL,0,data\raw\chest_xray\train\NORMAL\IM-0621-0001.jpeg,IM-0621-0001.jpeg,1524,1171,1.3014517506404781,91.68799352685525,47.81509976023902,0,255,L
train,NORMAL,0,data\raw\chest_xray\train\NORMAL\NORMAL2-IM-0389-0001.jpeg,NORMAL2-IM-0389-0001.jpeg,1484,1136,1.306338028169014,124.2300963801678,52.63609739905899,0,255,L
train,NORMAL,0,data\raw\chest_xray\train\NORMAL\NORMAL2-IM-1067-0001-0001.jpeg,NORMAL2-IM-1067-0001-0001.jpeg,1304,968,1.3471074380165289,116.96257383511636,57.09885124111906,0,255,L
train,NORMAL,0,data\raw\chest_xray\train\NORMAL\IM-0547-0001.jpeg,IM-0547-0001.jpeg,1296,1074,1.2067039106145252,159.2378806296986,60.503993702199075,0,255,L
train,NORMAL,0,data\raw\chest_xray\train\NORMAL\NORMAL2-IM-1314-0001.jpeg,NORMAL2-IM-1314-0001.jpeg,1978,1619,1.221741815935763,120.9632486068183,69.46994069285297,0,255,L
train,NORMAL,0,data\raw\chest_xray\train\NORMAL\IM-0349-0001.jpeg,IM-0349-0001.jpeg,1592,1329,1.1978931527464258,125.10826990482889,66.83159258991908,0,255,L
train,NORMAL,0,data\raw\chest_xray\train\NORMAL\IM-0439-0001.jpeg,IM-0439-0001.jpeg,1816,1558,1.165596919127086,136.3439947577658,61.08030751781239,0,255,L
train,NORMAL,0,data\raw\chest_xray\train\NORMAL\IM-0650-0001.jpeg,IM-0650-0001.jpeg,1620,1159,1.3977566867989646,135.18548503925265,66.21178279413161,0,255,L
train,NORMAL,0,data\raw\chest_xray\train\NORMAL\IM-0453-0001.jpeg,IM-0453-0001.jpeg,1762,1715,1.027405247813411,90.30626805611169,68.26517898196106,0,255,L
train,NORMAL,0,data\raw\chest_xray\train\NORMAL\NORMAL2-IM-0832-0001-0002.jpeg,NORMAL2-IM-0832-0001-0002.jpeg,1426,1206,1.1824212271973467,123.07700220263804,61.40101078873151,0,255,L
train,NORMAL,0,data\raw\chest_xray\train\NORMAL\IM-0600-0001.jpeg,IM-0600-0001.jpeg,1832,1488,1.2311827956989247,134.19244531213317,61.86816596833428,0,255,L
train,NORMAL,0,data\raw\chest_xray\train\NORMAL\IM-0619-0001.jpeg,IM-0619-0001.jpeg,1554,1345,1.1553903345724907,138.32177185151164,62.31369558228643,0,255,L
train,NORMAL,0,data\raw\chest_xray\train\NORMAL\NORMAL2-IM-1245-0001.jpeg,NORMAL2-IM-1245-0001.jpeg,1422,1402,1.014265335235378,120.14647399435405,65.51465586213227,0,255,L
train,NORMAL,0,data\raw\chest_xray\train\NORMAL\NORMAL2-IM-1396-0001.jpeg,NORMAL2-IM-1396-0001.jpeg,1256,1032,1.2170542635658914,122.02086033550584,55.12707847177215,0,255,L
train,NORMAL,0,data\raw\chest_xray\train\NORMAL\NORMAL2-IM-0409-0001.jpeg,NORMAL2-IM-0409-0001.jpeg,1542,1310,1.1770992366412214,128.0285868456748,61.799184726748365,0,255,L
train,NORMAL,0,data\raw\chest_xray\train\NORMAL\NORMAL2-IM-1194-0001.jpeg,NORMAL2-IM-1194-0001.jpeg,1350,1090,1.238532110091743,141.9883261977574,57.02441582022629,0,255,L
train,NORMAL,0,data\raw\chest_xray\train\NORMAL\NORMAL2-IM-0588-0001.jpeg,NORMAL2-IM-0588-0001.jpeg,1218,808,1.5074257425742574,103.56808962915996,58.13181385005436,0,255,L
train,NORMAL,0,data\raw\chest_xray\train\NORMAL\NORMAL2-IM-1094-0001-0001.jpeg,NORMAL2-IM-1094-0001-0001.jpeg,1638,1634,1.0024479804161566,116.26678166794446,55.938629229381526,0,255,L
train,NORMAL,0,data\raw\chest_xray\train\NORMAL\NORMAL2-IM-0667-0001.jpeg,NORMAL2-IM-0667-0001.jpeg,1566,1210,1.2942148760330578,103.0259285646433,68.03347320862527,0,255,L
train,NORMAL,0,data\raw\chest_xray\train\NORMAL\IM-0605-0001.jpeg,IM-0605-0001.jpeg,1396,955,1.4617801047120418,115.77465008475974,63.48683998927382,0,255,L
train,NORMAL,0,data\raw\chest_xray\train\NORMAL\NORMAL2-IM-0851-0001-0001.jpeg,NORMAL2-IM-0851-0001-0001.jpeg,1562,1164,1.3419243986254294,121.15259205969966,56.36604340234224,0,255,L
train,NORMAL,0,data\raw\chest_xray\train\NORMAL\NORMAL2-IM-1345-0001.jpeg,NORMAL2-IM-1345-0001.jpeg,1464,1183,1.2375316990701606,117.26482696580426,52.270967828456634,0,255,L
train,NORMAL,0,data\raw\chest_xray\train\NORMAL\IM-0704-0001.jpeg,IM-0704-0001.jpeg,1596,1248,1.2788461538461537,128.4323227941649,63.24271466279706,0,255,L
train,NORMAL,0,data\raw\chest_xray\train\NORMAL\NORMAL2-IM-0781-0001.jpeg,NORMAL2-IM-0781-0001.jpeg,2276,2221,1.024763619990995,130.61982699887398,62.733800989022,0,255,L
train,NORMAL,0,data\raw\chest_xray\train\NORMAL\IM-0227-0001.jpeg,IM-0227-0001.jpeg,1870,1612,1.1600496277915633,114.3514861798543,61.405441508488934,0,255,L
train,NORMAL,0,data\raw\chest_xray\train\NORMAL\NORMAL2-IM-0741-0001.jpeg,NORMAL2-IM-0741-0001.jpeg,1240,1064,1.1654135338345866,127.44853413776376,65.65115098858178,0,255,L
train,NORMAL,0,data\raw\chest_xray\train\NORMAL\NORMAL2-IM-0491-0001.jpeg,NORMAL2-IM-0491-0001.jpeg,1808,1604,1.1271820448877805,111.30794798126365,66.43236283152754,0,255,L
train,NORMAL,0,data\raw\chest_xray\train\NORMAL\NORMAL2-IM-1357-0001.jpeg,NORMAL2-IM-1357-0001.jpeg,1600,1304,1.2269938650306749,131.79778182515338,70.42825749555625,0,255,L
train,NORMAL,0,data\raw\chest_xray\train\NORMAL\IM-0695-0001.jpeg,IM-0695-0001.jpeg,1828,1437,1.2720946416144745,118.2717272795104,57.56438586039106,0,255,L
train,NORMAL,0,data\raw\chest_xray\train\NORMAL\IM-0374-0001.jpeg,IM-0374-0001.jpeg,1744,1402,1.2439372325249642,153.83138766375689,66.46175964422464,0,255,L
train,NORMAL,0,data\raw\chest_xray\train\NORMAL\NORMAL2-IM-1337-0001.jpeg,NORMAL2-IM-1337-0001.jpeg,1360,1097,1.2397447584320875,109.93281342163118,59.67411063556525,0,255,L
train,NORMAL,0,data\raw\chest_xray\train\NORMAL\NORMAL2-IM-0967-0001.jpeg,NORMAL2-IM-0967-0001.jpeg,1844,1256,1.4681528662420382,119.96791237202426,70.57655258120735,0,255,L
train,NORMAL,0,data\raw\chest_xray\train\NORMAL\IM-0220-0001.jpeg,IM-0220-0001.jpeg,1484,1399,1.0607576840600428,122.86364008562143,66.30634914810655,0,255,L
train,NORMAL,0,data\raw\chest_xray\train\NORMAL\IM-0608-0001-0002.jpeg,IM-0608-0001-0002.jpeg,1580,1604,0.9850374064837906,143.12235668739544,61.662212458044216,0,255,L
train,NORMAL,0,data\raw\chest_xray\train\NORMAL\NORMAL2-IM-0875-0001.jpeg,NORMAL2-IM-0875-0001.jpeg,2094,1912,1.0951882845188285,114.65851151726591,65.80970119784986,0,255,L
train,NORMAL,0,data\raw\chest_xray\train\NORMAL\NORMAL2-IM-0448-0001.jpeg,NORMAL2-IM-0448-0001.jpeg,1774,1225,1.4481632653061225,130.02133630904447,66.37549187524122,0,255,L
train,NORMAL,0,data\raw\chest_xray\train\NORMAL\IM-0160-0001.jpeg,IM-0160-0001.jpeg,1750,1314,1.3318112633181127,128.579742987606,54.69844758425079,0,255,L
train,NORMAL,0,data\raw\chest_xray\train\NORMAL\IM-0531-0001-0001.jpeg,IM-0531-0001-0001.jpeg,1882,1353,1.3909830007390982,114.89912132915165,67.16713375169294,0,255,L
train,NORMAL,0,data\raw\chest_xray\train\NORMAL\IM-0410-0001.jpeg,IM-0410-0001.jpeg,1632,1375,1.186909090909091,126.09158021390374,60.933145795684815,0,255,L
train,NORMAL,0,data\raw\chest_xray\train\NORMAL\IM-0292-0001.jpeg,IM-0292-0001.jpeg,1858,1500,1.2386666666666666,120.66881844277,61.6498849480811,0,255,L
train,NORMAL,0,data\raw\chest_xray\train\NORMAL\NORMAL2-IM-1197-0001.jpeg,NORMAL2-IM-1197-0001.jpeg,1608,1348,1.1928783382789319,137.16817064528988,59.97626467463807,0,255,L
train,NORMAL,0,data\raw\chest_xray\train\NORMAL\IM-0201-0001.jpeg,IM-0201-0001.jpeg,1446,1310,1.1038167938931298,102.9140894069452,62.208712299268804,0,255,L
train,NORMAL,0,data\raw\chest_xray\train\NORMAL\NORMAL2-IM-1178-0001.jpeg,NORMAL2-IM-1178-0001.jpeg,1588,1438,1.1043115438108484,131.41522125257933,62.041022011334164,0,255,L
train,NORMAL,0,data\raw\chest_xray\train\NORMAL\NORMAL2-IM-0799-0001.jpeg,NORMAL2-IM-0799-0001.jpeg,1856,1333,1.3923480870217555,122.72471795211735,57.46420205357539,0,255,L
train,NORMAL,0,data\raw\chest_xray\train\NORMAL\NORMAL2-IM-0626-0001.jpeg,NORMAL2-IM-0626-0001.jpeg,1820,1476,1.2330623306233062,110.95732414604366,60.78504149433523,0,255,L
train,NORMAL,0,data\raw\chest_xray\train\NORMAL\NORMAL2-IM-0439-0001.jpeg,NORMAL2-IM-0439-0001.jpeg,1808,1666,1.085234093637455,133.10900864770687,55.156095757076834,0,255,L
train,NORMAL,0,data\raw\chest_xray\train\NORMAL\IM-0447-0001.jpeg,IM-0447-0001.jpeg,1840,1499,1.227484989993329,116.77734286625866,61.91430131850166,0,255,L
train,NORMAL,0,data\raw\chest_xray\train\NORMAL\NORMAL2-IM-0857-0001.jpeg,NORMAL2-IM-0857-0001.jpeg,1586,1306,1.214395099540582,104.55346794018875,62.70744425396109,0,255,L
train,NORMAL,0,data\raw\chest_xray\train\NORMAL\IM-0677-0001.jpeg,IM-0677-0001.jpeg,1604,1202,1.3344425956738768,135.93297745652507,65.831998025037,0,255,L
train,NORMAL,0,data\raw\chest_xray\train\NORMAL\NORMAL2-IM-1267-0001.jpeg,NORMAL2-IM-1267-0001.jpeg,1920,1708,1.1241217798594847,135.98155768198674,61.87260927701016,0,255,L
train,NORMAL,0,data\raw\chest_xray\train\NORMAL\NORMAL2-IM-0832-0001.jpeg,NORMAL2-IM-0832-0001.jpeg,1538,1164,1.3213058419243986,136.8560532936513,58.811337588349524,0,255,L
train,NORMAL,0,data\raw\chest_xray\train\NORMAL\NORMAL2-IM-0523-0001.jpeg,NORMAL2-IM-0523-0001.jpeg,1914,1581,1.2106261859582543,143.25975517789954,58.99116925238187,0,255,L
train,NORMAL,0,data\raw\chest_xray\train\NORMAL\IM-0487-0001.jpeg,IM-0487-0001.jpeg,1778,1461,1.216974674880219,135.1079972806274,68.61645712958364,0,255,L
train,NORMAL,0,data\raw\chest_xray\train\NORMAL\IM-0496-0001.jpeg,IM-0496-0001.jpeg,1824,1426,1.279102384291725,150.18515130963806,53.7456480038695,0,255,L
train,NORMAL,0,data\raw\chest_xray\train\NORMAL\NORMAL2-IM-1264-0001.jpeg,NORMAL2-IM-1264-0001.jpeg,1206,978,1.2331288343558282,99.71304096423133,51.79040258496683,0,255,L
train,NORMAL,0,data\raw\chest_xray\train\NORMAL\NORMAL2-IM-1412-0001.jpeg,NORMAL2-IM-1412-0001.jpeg,1784,1216,1.4671052631578947,113.85237703195067,65.11860113894268,0,255,L
train,NORMAL,0,data\raw\chest_xray\train\NORMAL\IM-0245-0001.jpeg,IM-0245-0001.jpeg,1724,1480,1.164864864864865,125.92851711920737,57.600374710871954,0,255,L
train,NORMAL,0,data\raw\chest_xray\train\NORMAL\IM-0389-0001.jpeg,IM-0389-0001.jpeg,1530,1028,1.4883268482490273,130.783592100913,67.19902834467584,0,255,L
train,NORMAL,0,data\raw\chest_xray\train\NORMAL\NORMAL2-IM-1112-0001.jpeg,NORMAL2-IM-1112-0001.jpeg,2148,1820,1.1802197802197802,113.68704135715309,64.89221942178303,0,255,L
train,NORMAL,0,data\raw\chest_xray\train\NORMAL\NORMAL2-IM-1258-0001-0001.jpeg,NORMAL2-IM-1258-0001-0001.jpeg,2048,1882,1.0882040382571732,130.491896139828,63.45812604844793,0,255,L
train,NORMAL,0,data\raw\chest_xray\train\NORMAL\IM-0715-0001.jpeg,IM-0715-0001.jpeg,1546,1105,1.3990950226244343,105.10235902899323,64.89152842402947,0,255,L
train,NORMAL,0,data\raw\chest_xray\train\NORMAL\NORMAL2-IM-0604-0001.jpeg,NORMAL2-IM-0604-0001.jpeg,1700,1437,1.1830201809324983,114.47052273936714,63.369230174434264,0,255,L
train,NORMAL,0,data\raw\chest_xray\train\NORMAL\NORMAL2-IM-0842-0001.jpeg,NORMAL2-IM-0842-0001.jpeg,1658,1294,1.2812982998454405,109.899933440599,66.50509770826928,0,255,L
train,NORMAL,0,data\raw\chest_xray\train\NORMAL\NORMAL2-IM-0623-0001.jpeg,NORMAL2-IM-0623-0001.jpeg,1808,1542,1.172503242542153,109.78821249842177,55.8945645234299,0,255,L
train,NORMAL,0,data\raw\chest_xray\train\NORMAL\IM-0678-0001.jpeg,IM-0678-0001.jpeg,1792,1611,1.1123525760397268,137.07077597100292,55.24556439097319,0,255,L
train,NORMAL,0,data\raw\chest_xray\train\NORMAL\NORMAL2-IM-0575-0001.jpeg,NORMAL2-IM-0575-0001.jpeg,1688,1469,1.149081007488087,138.15093447843103,56.81635897292124,0,255,L
train,NORMAL,0,data\raw\chest_xray\train\NORMAL\NORMAL2-IM-0775-0001.jpeg,NORMAL2-IM-0775-0001.jpeg,1310,1136,1.153169014084507,114.94249274271584,61.892411253110815,0,255,L
train,NORMAL,0,data\raw\chest_xray\train\NORMAL\IM-0385-0001.jpeg,IM-0385-0001.jpeg,1712,1330,1.287218045112782,121.38901254303984,63.898421572237254,0,255,L
train,NORMAL,0,data\raw\chest_xray\train\NORMAL\IM-0707-0001.jpeg,IM-0707-0001.jpeg,1712,1430,1.1972027972027972,132.40700158486374,62.274350847333054,0,255,L
train,NORMAL,0,data\raw\chest_xray\train\NORMAL\NORMAL2-IM-0937-0001.jpeg,NORMAL2-IM-0937-0001.jpeg,1642,1496,1.0975935828877006,122.80900631485015,60.888148017518226,0,255,L
train,NORMAL,0,data\raw\chest_xray\train\NORMAL\NORMAL2-IM-0988-0001.jpeg,NORMAL2-IM-0988-0001.jpeg,1960,1920,1.0208333333333333,124.01898650085035,67.85808235450521,0,255,L
train,NORMAL,0,data\raw\chest_xray\train\NORMAL\NORMAL2-IM-1278-0001.jpeg,NORMAL2-IM-1278-0001.jpeg,1570,1318,1.1911987860394537,135.02938103476606,57.47250098209914,0,255,L
train,NORMAL,0,data\raw\chest_xray\train\NORMAL\IM-0539-0001.jpeg,IM-0539-0001.jpeg,1724,1476,1.1680216802168022,130.83715118618704,61.90424829778238,0,255,L
train,PNEUMONIA,1,data\raw\chest_xray\train\PNEUMONIA\person971_bacteria_2896.jpeg,person971_bacteria_2896.jpeg,1496,1304,1.147239263803681,136.8910171500279,62.76652421091953,0,255,L
train,PNEUMONIA,1,data\raw\chest_xray\train\PNEUMONIA\person934_virus_1595.jpeg,person934_virus_1595.jpeg,821,490,1.6755102040816328,130.46269357925874,54.64331173689035,0,217,RGB
train,PNEUMONIA,1,data\raw\chest_xray\train\PNEUMONIA\person391_virus_781.jpeg,person391_virus_781.jpeg,1664,1152,1.4444444444444444,141.07627620860043,72.67430404912274,0,255,L
train,PNEUMONIA,1,data\raw\chest_xray\train\PNEUMONIA\person445_virus_916.jpeg,person445_virus_916.jpeg,1560,1272,1.2264150943396226,102.02700018142235,54.39069964761987,0,255,L
train,PNEUMONIA,1,data\raw\chest_xray\train\PNEUMONIA\person379_virus_762.jpeg,person379_virus_762.jpeg,1288,824,1.5631067961165048,115.86381572996441,67.17410577439026,0,255,L
train,PNEUMONIA,1,data\raw\chest_xray\train\PNEUMONIA\person505_virus_1017.jpeg,person505_virus_1017.jpeg,1176,784,1.5,118.63403161009302,63.32324113688358,0,255,L
train,PNEUMONIA,1,data\raw\chest_xray\train\PNEUMONIA\person502_virus_1011.jpeg,person502_virus_1011.jpeg,703,511,1.37573385518591,163.04938020727494,52.37803637082503,0,248,RGB
train,PNEUMONIA,1,data\raw\chest_xray\train\PNEUMONIA\person1453_bacteria_3771.jpeg,person1453_bacteria_3771.jpeg,1360,832,1.6346153846153846,143.69564656391404,77.26686368302938,0,255,L
train,PNEUMONIA,1,data\raw\chest_xray\train\PNEUMONIA\person348_virus_716.jpeg,person348_virus_716.jpeg,1192,1088,1.0955882352941178,118.8591806898934,56.453569168597646,0,255,L
train,PNEUMONIA,1,data\raw\chest_xray\train\PNEUMONIA\person595_bacteria_2438.jpeg,person595_bacteria_2438.jpeg,1016,848,1.1981132075471699,133.1934229219284,51.96186216142468,0,255,L
train,PNEUMONIA,1,data\raw\chest_xray\train\PNEUMONIA\person820_virus_1456.jpeg,person820_virus_1456.jpeg,1716,1175,1.4604255319148935,114.15442245697565,53.70031373503567,0,255,L
train,PNEUMONIA,1,data\raw\chest_xray\train\PNEUMONIA\person1344_virus_2319.jpeg,person1344_virus_2319.jpeg,992,560,1.7714285714285714,105.76224258352535,68.32957622883336,0,255,L
train,PNEUMONIA,1,data\raw\chest_xray\train\PNEUMONIA\person1173_virus_1978.jpeg,person1173_virus_1978.jpeg,1650,978,1.687116564417178,117.6671376340088,63.48371189402481,0,255,L
train,PNEUMONIA,1,data\raw\chest_xray\train\PNEUMONIA\person339_virus_695.jpeg,person339_virus_695.jpeg,1320,1040,1.2692307692307692,142.2352738927739,64.59118464362022,0,255,L
train,PNEUMONIA,1,data\raw\chest_xray\train\PNEUMONIA\person294_bacteria_1385.jpeg,person294_bacteria_1385.jpeg,992,664,1.4939759036144578,115.987901707637,50.43418211064691,0,255,L
train,PNEUMONIA,1,data\raw\chest_xray\train\PNEUMONIA\person1637_bacteria_4339.jpeg,person1637_bacteria_4339.jpeg,1936,1536,1.2604166666666667,151.89616961518595,70.02485749791768,0,255,L
train,PNEUMONIA,1,data\raw\chest_xray\train\PNEUMONIA\person1907_bacteria_4806.jpeg,person1907_bacteria_4806.jpeg,984,656,1.5,99.8618350931985,51.8468181912075,0,255,L
train,PNEUMONIA,1,data\raw\chest_xray\train\PNEUMONIA\person1480_bacteria_3858.jpeg,person1480_bacteria_3858.jpeg,1152,728,1.5824175824175823,109.65367087339743,46.772539976353556,0,255,L
train,PNEUMONIA,1,data\raw\chest_xray\train\PNEUMONIA\person101_virus_187.jpeg,person101_virus_187.jpeg,1592,1312,1.2134146341463414,137.4493178545165,55.06336485305127,0,255,L
train,PNEUMONIA,1,data\raw\chest_xray\train\PNEUMONIA\person296_bacteria_1394.jpeg,person296_bacteria_1394.jpeg,1088,704,1.5454545454545454,111.14508480949198,50.33241500150956,0,255,L
train,PNEUMONIA,1,data\raw\chest_xray\train\PNEUMONIA\person698_virus_1294.jpeg,person698_virus_1294.jpeg,1192,808,1.4752475247524752,146.6274181424015,44.220269950383106,0,255,L
train,PNEUMONIA,1,data\raw\chest_xray\train\PNEUMONIA\person515_bacteria_2190.jpeg,person515_bacteria_2190.jpeg,998,747,1.3360107095046854,109.92029842818167,53.10452509764492,0,255,L
train,PNEUMONIA,1,data\raw\chest_xray\train\PNEUMONIA\person478_bacteria_2032.jpeg,person478_bacteria_2032.jpeg,1096,760,1.4421052631578948,145.33238090664616,49.06116009304221,0,255,L
train,PNEUMONIA,1,data\raw\chest_xray\train\PNEUMONIA\person428_virus_876.jpeg,person428_virus_876.jpeg,1352,890,1.5191011235955056,142.4125939099794,54.88493983958903,0,255,L
train,PNEUMONIA,1,data\raw\chest_xray\train\PNEUMONIA\person9_bacteria_40.jpeg,person9_bacteria_40.jpeg,1248,728,1.7142857142857142,144.6951485013384,51.41189958285751,0,255,L
train,PNEUMONIA,1,data\raw\chest_xray\train\PNEUMONIA\person1008_virus_1691.jpeg,person1008_virus_1691.jpeg,1576,1328,1.1867469879518073,125.84872628203168,61.13178532629143,0,255,L
train,PNEUMONIA,1,data\raw\chest_xray\train\PNEUMONIA\person262_bacteria_1226.jpeg,person262_bacteria_1226.jpeg,1218,840,1.45,104.20136543122996,64.1219588553585,0,255,L
train,PNEUMONIA,1,data\raw\chest_xray\train\PNEUMONIA\person763_bacteria_2667.jpeg,person763_bacteria_2667.jpeg,968,672,1.4404761904761905,91.9920675914994,42.75583959048087,0,255,L
train,PNEUMONIA,1,data\raw\chest_xray\train\PNEUMONIA\person116_virus_221.jpeg,person116_virus_221.jpeg,1728,1168,1.4794520547945205,130.58353151953324,71.31365739542386,0,255,L
train,PNEUMONIA,1,data\raw\chest_xray\train\PNEUMONIA\person914_bacteria_2839.jpeg,person914_bacteria_2839.jpeg,1176,696,1.6896551724137931,140.07523799749785,53.86524665546908,0,255,L
train,PNEUMONIA,1,data\raw\chest_xray\train\PNEUMONIA\person1333_bacteria_3386.jpeg,person1333_bacteria_3386.jpeg,1136,688,1.6511627906976745,142.12721605797577,53.680846321608996,0,255,L
train,PNEUMONIA,1,data\raw\chest_xray\train\PNEUMONIA\person509_bacteria_2145.jpeg,person509_bacteria_2145.jpeg,1176,952,1.2352941176470589,80.38362487852284,38.906467572429726,0,255,L
train,PNEUMONIA,1,data\raw\chest_xray\train\PNEUMONIA\person1257_bacteria_3215.jpeg,person1257_bacteria_3215.jpeg,816,576,1.4166666666666667,111.79319427423748,51.030703439240575,0,255,L
train,PNEUMONIA,1,data\raw\chest_xray\train\PNEUMONIA\person736_virus_1358.jpeg,person736_virus_1358.jpeg,982,573,1.7137870855148343,107.2244591121869,45.979936649964664,0,191,RGB
train,PNEUMONIA,1,data\raw\chest_xray\train\PNEUMONIA\person537_bacteria_2263.jpeg,person537_bacteria_2263.jpeg,1216,1000,1.216,122.55417105263157,57.22488425499047,0,255,L
train,PNEUMONIA,1,data\raw\chest_xray\train\PNEUMONIA\person921_bacteria_2846.jpeg,person921_bacteria_2846.jpeg,1080,672,1.6071428571428572,159.0868041776896,44.37367018686462,0,255,L
train,PNEUMONIA,1,data\raw\chest_xray\train\PNEUMONIA\person366_virus_746.jpeg,person366_virus_746.jpeg,1280,904,1.415929203539823,121.02799277516593,76.62913509346504,0,255,L
train,PNEUMONIA,1,data\raw\chest_xray\train\PNEUMONIA\person911_virus_1567.jpeg,person911_virus_1567.jpeg,1168,776,1.5051546391752577,123.77133570470272,70.12783659906182,0,255,L
train,PNEUMONIA,1,data\raw\chest_xray\train\PNEUMONIA\person1170_virus_1970.jpeg,person1170_virus_1970.jpeg,828,525,1.5771428571428572,136.5449551414769,48.64247677003136,0,216,RGB
train,PNEUMONIA,1,data\raw\chest_xray\train\PNEUMONIA\person55_bacteria_266.jpeg,person55_bacteria_266.jpeg,1666,1176,1.4166666666666667,90.6982680827433,52.843978388772506,0,255,L
train,PNEUMONIA,1,data\raw\chest_xray\train\PNEUMONIA\person387_bacteria_1770.jpeg,person387_bacteria_1770.jpeg,904,416,2.173076923076923,99.27005509700477,47.49152817083863,0,255,L
train,PNEUMONIA,1,data\raw\chest_xray\train\PNEUMONIA\person1171_bacteria_3118.jpeg,person1171_bacteria_3118.jpeg,1040,627,1.6586921850079746,114.14261440314071,57.88776773447236,0,255,L
train,PNEUMONIA,1,data\raw\chest_xray\train\PNEUMONIA\person1746_bacteria_4585.jpeg,person1746_bacteria_4585.jpeg,2072,1440,1.4388888888888889,147.0318506006006,50.01393780015706,0,255,L
train,PNEUMONIA,1,data\raw\chest_xray\train\PNEUMONIA\person67_bacteria_333.jpeg,person67_bacteria_333.jpeg,664,472,1.4067796610169492,142.89845504900958,37.759506217561345,0,255,L
train,PNEUMONIA,1,data\raw\chest_xray\train\PNEUMONIA\person264_bacteria_1233.jpeg,person264_bacteria_1233.jpeg,1064,696,1.528735632183908,97.18281155474894,43.89456800360653,0,255,L
train,PNEUMONIA,1,data\raw\chest_xray\train\PNEUMONIA\person1124_bacteria_3065.jpeg,person1124_bacteria_3065.jpeg,1546,1231,1.255889520714866,116.52967853941358,66.84347891978499,0,255,L
train,PNEUMONIA,1,data\raw\chest_xray\train\PNEUMONIA\person623_bacteria_2496.jpeg,person623_bacteria_2496.jpeg,1000,624,1.6025641025641026,141.4534375,46.20088797720571,0,255,L
train,PNEUMONIA,1,data\raw\chest_xray\train\PNEUMONIA\person1500_virus_2610.jpeg,person1500_virus_2610.jpeg,1560,1304,1.196319018404908,150.6413225578103,76.88005260539255,0,255,L
train,PNEUMONIA,1,data\raw\chest_xray\train\PNEUMONIA\person981_bacteria_2907.jpeg,person981_bacteria_2907.jpeg,1384,1312,1.0548780487804879,162.2781395389821,52.92571988846077,0,255,L
train,PNEUMONIA,1,data\raw\chest_xray\train\PNEUMONIA\person1375_virus_2366.jpeg,person1375_virus_2366.jpeg,1512,1056,1.4318181818181819,145.1685988105259,67.33958050005401,0,255,L
train,PNEUMONIA,1,data\raw\chest_xray\train\PNEUMONIA\person648_virus_1230.jpeg,person648_virus_1230.jpeg,992,784,1.2653061224489797,126.84885718400264,56.82688083124906,0,255,L
train,PNEUMONIA,1,data\raw\chest_xray\train\PNEUMONIA\person1391_bacteria_3537.jpeg,person1391_bacteria_3537.jpeg,1384,1072,1.291044776119403,151.74231151863515,53.566410343941556,0,255,L
train,PNEUMONIA,1,data\raw\chest_xray\train\PNEUMONIA\person1340_bacteria_3405.jpeg,person1340_bacteria_3405.jpeg,992,776,1.2783505154639174,143.86488947663784,51.31940733538149,0,255,L
train,PNEUMONIA,1,data\raw\chest_xray\train\PNEUMONIA\person891_virus_1541.jpeg,person891_virus_1541.jpeg,1048,632,1.6582278481012658,99.49447712339357,59.973932612931904,0,255,L
train,PNEUMONIA,1,data\raw\chest_xray\train\PNEUMONIA\person412_bacteria_1827.jpeg,person412_bacteria_1827.jpeg,1428,884,1.6153846153846154,129.52870197852897,66.66193408690657,0,236,L
train,PNEUMONIA,1,data\raw\chest_xray\train\PNEUMONIA\person1103_bacteria_3044.jpeg,person1103_bacteria_3044.jpeg,1336,848,1.5754716981132075,170.07071323155574,52.835738612361,0,255,L
train,PNEUMONIA,1,data\raw\chest_xray\train\PNEUMONIA\person162_virus_321.jpeg,person162_virus_321.jpeg,1424,1224,1.1633986928104576,131.92784467485495,60.53693664708273,0,255,L
train,PNEUMONIA,1,data\raw\chest_xray\train\PNEUMONIA\person48_bacteria_233.jpeg,person48_bacteria_233.jpeg,1144,790,1.4481012658227848,113.01159931840311,59.55877606432835,0,241,L
train,PNEUMONIA,1,data\raw\chest_xray\train\PNEUMONIA\person1670_bacteria_4429.jpeg,person1670_bacteria_4429.jpeg,1288,976,1.319672131147541,142.39090580770798,53.43132051447638,0,255,L
train,PNEUMONIA,1,data\raw\chest_xray\train\PNEUMONIA\person1294_virus_2221.jpeg,person1294_virus_2221.jpeg,1336,784,1.7040816326530612,150.79325946321643,66.93360212602656,0,255,L
train,PNEUMONIA,1,data\raw\chest_xray\train\PNEUMONIA\person1274_bacteria_3236.jpeg,person1274_bacteria_3236.jpeg,1304,816,1.5980392156862746,144.29154731294358,57.9241607848472,0,255,L
train,PNEUMONIA,1,data\raw\chest_xray\train\PNEUMONIA\person1212_virus_2057.jpeg,person1212_virus_2057.jpeg,1368,912,1.5,166.7039714142813,60.833701805462304,0,255,L
train,PNEUMONIA,1,data\raw\chest_xray\train\PNEUMONIA\person1760_bacteria_4602.jpeg,person1760_bacteria_4602.jpeg,952,632,1.5063291139240507,119.45578096745027,60.66054020611812,0,255,L
train,PNEUMONIA,1,data\raw\chest_xray\train\PNEUMONIA\person295_bacteria_1390.jpeg,person295_bacteria_1390.jpeg,1354,759,1.7839262187088274,115.1466060644983,57.7757662203498,0,255,L
train,PNEUMONIA,1,data\raw\chest_xray\train\PNEUMONIA\person1634_bacteria_4334.jpeg,person1634_bacteria_4334.jpeg,1824,976,1.8688524590163935,136.14585467896174,69.9805197013978,0,255,L
train,PNEUMONIA,1,data\raw\chest_xray\train\PNEUMONIA\person294_bacteria_1381.jpeg,person294_bacteria_1381.jpeg,1336,768,1.7395833333333333,94.4244850143463,52.99215706479503,0,255,L
train,PNEUMONIA,1,data\raw\chest_xray\train\PNEUMONIA\person863_virus_1508.jpeg,person863_virus_1508.jpeg,1456,1072,1.3582089552238805,143.99954831782023,74.51788602676349,0,255,L
train,PNEUMONIA,1,data\raw\chest_xray\train\PNEUMONIA\person336_bacteria_1551.jpeg,person336_bacteria_1551.jpeg,1144,784,1.4591836734693877,109.16224177608106,59.26496676772766,0,255,L
train,PNEUMONIA,1,data\raw\chest_xray\train\PNEUMONIA\person1678_bacteria_4446.jpeg,person1678_bacteria_4446.jpeg,1144,928,1.2327586206896552,138.13056690077164,64.14578677497431,0,255,L
train,PNEUMONIA,1,data\raw\chest_xray\train\PNEUMONIA\person1411_bacteria_3607.jpeg,person1411_bacteria_3607.jpeg,1816,1608,1.1293532338308458,131.67905858921253,58.49193062177291,0,255,L
train,PNEUMONIA,1,data\raw\chest_xray\train\PNEUMONIA\person617_bacteria_2488.jpeg,person617_bacteria_2488.jpeg,1422,952,1.4936974789915967,114.61477354654942,47.5258831044971,0,255,L
train,PNEUMONIA,1,data\raw\chest_xray\train\PNEUMONIA\person9_bacteria_39.jpeg,person9_bacteria_39.jpeg,1152,856,1.3457943925233644,127.77547885027259,49.7619915796916,0,255,L
train,PNEUMONIA,1,data\raw\chest_xray\train\PNEUMONIA\person714_bacteria_2615.jpeg,person714_bacteria_2615.jpeg,930,587,1.584327086882453,91.81490355553113,40.31577176348489,0,202,RGB
train,PNEUMONIA,1,data\raw\chest_xray\train\PNEUMONIA\person1546_bacteria_4044.jpeg,person1546_bacteria_4044.jpeg,1216,856,1.4205607476635513,126.23774613409985,65.75567867469756,0,255,L
train,PNEUMONIA,1,data\raw\chest_xray\train\PNEUMONIA\person748_virus_1373.jpeg,person748_virus_1373.jpeg,992,608,1.631578947368421,101.53885027589133,52.859720222355016,0,255,L
train,PNEUMONIA,1,data\raw\chest_xray\train\PNEUMONIA\person649_virus_1231.jpeg,person649_virus_1231.jpeg,1192,864,1.3796296296296295,149.57314096290082,53.01068468386791,0,255,L
train,PNEUMONIA,1,data\raw\chest_xray\train\PNEUMONIA\person542_bacteria_2276.jpeg,person542_bacteria_2276.jpeg,771,447,1.7248322147651007,124.5018149531246,30.22164995565315,0,182,RGB
train,PNEUMONIA,1,data\raw\chest_xray\train\PNEUMONIA\person145_virus_294.jpeg,person145_virus_294.jpeg,904,600,1.5066666666666666,121.11064343657817,52.49930163455022,0,255,L
train,PNEUMONIA,1,data\raw\chest_xray\train\PNEUMONIA\person1420_bacteria_3647.jpeg,person1420_bacteria_3647.jpeg,944,808,1.1683168316831682,176.36787448607149,56.14671523560143,0,255,L
train,PNEUMONIA,1,data\raw\chest_xray\train\PNEUMONIA\person383_bacteria_1747.jpeg,person383_bacteria_1747.jpeg,1478,1137,1.2999120492524185,138.03082917679765,58.69720421556358,0,255,L
train,PNEUMONIA,1,data\raw\chest_xray\train\PNEUMONIA\person1932_bacteria_4843.jpeg,person1932_bacteria_4843.jpeg,1368,888,1.5405405405405406,100.89604324719457,73.96640740793913,0,255,L
train,PNEUMONIA,1,data\raw\chest_xray\train\PNEUMONIA\person725_bacteria_2627.jpeg,person725_bacteria_2627.jpeg,1224,880,1.3909090909090909,124.93323770796198,51.852601150203206,0,255,L
train,PNEUMONIA,1,data\raw\chest_xray\train\PNEUMONIA\person38_bacteria_192.jpeg,person38_bacteria_192.jpeg,936,632,1.481012658227848,141.63312101049442,52.78351473955694,0,255,L
train,PNEUMONIA,1,data\raw\chest_xray\train\PNEUMONIA\person57_bacteria_271.jpeg,person57_bacteria_271.jpeg,1492,1118,1.334525939177102,113.53035929249377,56.04794956912562,0,255,L
train,PNEUMONIA,1,data\raw\chest_xray\train\PNEUMONIA\person1288_bacteria_3251.jpeg,person1288_bacteria_3251.jpeg,1184,664,1.783132530120482,142.29875117022144,49.650342273522206,0,255,L
train,PNEUMONIA,1,data\raw\chest_xray\train\PNEUMONIA\person1506_bacteria_3933.jpeg,person1506_bacteria_3933.jpeg,1648,1208,1.3642384105960266,146.85709298447244,78.29887860694825,0,255,L
train,PNEUMONIA,1,data\raw\chest_xray\train\PNEUMONIA\person1905_bacteria_4801.jpeg,person1905_bacteria_4801.jpeg,1512,1192,1.2684563758389262,99.92278661091581,58.32669725352162,0,255,L
train,PNEUMONIA,1,data\raw\chest_xray\train\PNEUMONIA\person487_bacteria_2059.jpeg,person487_bacteria_2059.jpeg,1248,904,1.3805309734513274,146.0030358307806,48.605914547364904,0,255,L
train,PNEUMONIA,1,data\raw\chest_xray\train\PNEUMONIA\person754_virus_1379.jpeg,person754_virus_1379.jpeg,904,848,1.0660377358490567,165.5486360410753,59.38500349259921,0,255,L
train,PNEUMONIA,1,data\raw\chest_xray\train\PNEUMONIA\person652_virus_1234.jpeg,person652_virus_1234.jpeg,1176,744,1.5806451612903225,106.25190183600321,62.232684913786976,0,255,L
train,PNEUMONIA,1,data\raw\chest_xray\train\PNEUMONIA\person1473_virus_2551.jpeg,person1473_virus_2551.jpeg,2088,1840,1.1347826086956523,83.16942153923038,46.968269080775805,0,255,L
train,PNEUMONIA,1,data\raw\chest_xray\train\PNEUMONIA\person583_virus_1127.jpeg,person583_virus_1127.jpeg,1280,712,1.797752808988764,121.35486525632022,62.50939519471555,0,255,L
train,PNEUMONIA,1,data\raw\chest_xray\train\PNEUMONIA\person110_virus_206.jpeg,person110_virus_206.jpeg,1192,840,1.4190476190476191,101.1911832853947,48.92877452171179,0,255,L
train,PNEUMONIA,1,data\raw\chest_xray\train\PNEUMONIA\person597_bacteria_2451.jpeg,person597_bacteria_2451.jpeg,1064,760,1.4,116.16350291848042,51.17480284773738,0,255,L
train,PNEUMONIA,1,data\raw\chest_xray\train\PNEUMONIA\person1187_bacteria_3136.jpeg,person1187_bacteria_3136.jpeg,992,736,1.3478260869565217,127.78632730320828,45.41872772534791,0,255,L
train,PNEUMONIA,1,data\raw\chest_xray\train\PNEUMONIA\person1276_virus_2198.jpeg,person1276_virus_2198.jpeg,856,608,1.4078947368421053,107.96896904205607,56.122265281502244,0,255,L
train,PNEUMONIA,1,data\raw\chest_xray\train\PNEUMONIA\person979_bacteria_2905.jpeg,person979_bacteria_2905.jpeg,1604,1044,1.5363984674329503,98.8044675189421,72.91150633443183,0,255,L
train,PNEUMONIA,1,data\raw\chest_xray\train\PNEUMONIA\person257_bacteria_1194.jpeg,person257_bacteria_1194.jpeg,1008,720,1.4,126.53840112433862,53.235127188312084,0,255,L
train,PNEUMONIA,1,data\raw\chest_xray\train\PNEUMONIA\person997_bacteria_2926.jpeg,person997_bacteria_2926.jpeg,1072,736,1.4565217391304348,136.56572056497404,59.10430078280879,0,255,L
train,PNEUMONIA,1,data\raw\chest_xray\train\PNEUMONIA\person1544_bacteria_4033.jpeg,person1544_bacteria_4033.jpeg,2192,2272,0.9647887323943662,160.42896745206642,71.79155891613358,0,255,L
train,PNEUMONIA,1,data\raw\chest_xray\train\PNEUMONIA\person1668_bacteria_4420.jpeg,person1668_bacteria_4420.jpeg,571,310,1.8419354838709678,137.184938704028,45.67399491956266,0,211,RGB
train,PNEUMONIA,1,data\raw\chest_xray\train\PNEUMONIA\person23_bacteria_103.jpeg,person23_bacteria_103.jpeg,1152,784,1.469387755102041,147.5958680998441,59.0615395470723,0,255,L
train,PNEUMONIA,1,data\raw\chest_xray\train\PNEUMONIA\person321_bacteria_1489.jpeg,person321_bacteria_1489.jpeg,1186,866,1.369515011547344,115.3486421647473,49.588839396444705,0,255,L
train,PNEUMONIA,1,data\raw\chest_xray\train\PNEUMONIA\person1619_bacteria_4262.jpeg,person1619_bacteria_4262.jpeg,1424,904,1.575221238938053,100.19890297181068,51.85251886453173,0,255,L
train,PNEUMONIA,1,data\raw\chest_xray\train\PNEUMONIA\person1085_virus_1797.jpeg,person1085_virus_1797.jpeg,1320,776,1.7010309278350515,130.74496934551703,60.61733823069691,0,255,L
train,PNEUMONIA,1,data\raw\chest_xray\train\PNEUMONIA\person1351_bacteria_3441.jpeg,person1351_bacteria_3441.jpeg,1112,680,1.6352941176470588,129.8358495556496,66.6359244352985,0,255,L
train,PNEUMONIA,1,data\raw\chest_xray\train\PNEUMONIA\person1042_virus_1737.jpeg,person1042_virus_1737.jpeg,1408,1056,1.3333333333333333,149.46906005186813,60.394220313341705,0,255,L
train,PNEUMONIA,1,data\raw\chest_xray\train\PNEUMONIA\person598_bacteria_2453.jpeg,person598_bacteria_2453.jpeg,664,360,1.8444444444444446,106.37679886211512,41.04914741959782,0,255,L
train,PNEUMONIA,1,data\raw\chest_xray\train\PNEUMONIA\person786_bacteria_2690.jpeg,person786_bacteria_2690.jpeg,1000,816,1.2254901960784315,141.6006875,45.4119268449649,0,255,L
train,PNEUMONIA,1,data\raw\chest_xray\train\PNEUMONIA\person360_bacteria_1647.jpeg,person360_bacteria_1647.jpeg,880,744,1.1827956989247312,117.02808223362659,51.267937722267625,0,255,L
train,PNEUMONIA,1,data\raw\chest_xray\train\PNEUMONIA\person1923_bacteria_4831.jpeg,person1923_bacteria_4831.jpeg,1464,944,1.5508474576271187,114.76924217954061,52.30524979923348,0,255,L
train,PNEUMONIA,1,data\raw\chest_xray\train\PNEUMONIA\person1455_virus_2489.jpeg,person1455_virus_2489.jpeg,936,424,2.207547169811321,107.93684234397678,48.71095291870077,0,255,L
train,PNEUMONIA,1,data\raw\chest_xray\train\PNEUMONIA\person277_bacteria_1307.jpeg,person277_bacteria_1307.jpeg,1024,624,1.641025641025641,83.66174472906651,39.25344528028063,0,255,L
train,PNEUMONIA,1,data\raw\chest_xray\train\PNEUMONIA\person932_virus_1593.jpeg,person932_virus_1593.jpeg,1024,648,1.5802469135802468,103.85568877797068,55.6203836852354,0,255,L
train,PNEUMONIA,1,data\raw\chest_xray\train\PNEUMONIA\person310_virus_633.jpeg,person310_virus_633.jpeg,1648,1120,1.4714285714285715,130.5733589415742,46.41958265839942,0,255,L
train,PNEUMONIA,1,data\raw\chest_xray\train\PNEUMONIA\person491_bacteria_2075.jpeg,person491_bacteria_2075.jpeg,1008,736,1.3695652173913044,115.27309647817461,50.09226524948646,0,255,L
train,PNEUMONIA,1,data\raw\chest_xray\train\PNEUMONIA\person740_bacteria_2643.jpeg,person740_bacteria_2643.jpeg,838,498,1.6827309236947792,119.15521992504625,46.834196578087266,0,209,RGB
train,PNEUMONIA,1,data\raw\chest_xray\train\PNEUMONIA\person368_bacteria_1668.jpeg,person368_bacteria_1668.jpeg,840,512,1.640625,119.17957589285714,47.96588877272716,0,255,L
train,PNEUMONIA,1,data\raw\chest_xray\train\PNEUMONIA\person563_bacteria_2336.jpeg,person563_bacteria_2336.jpeg,976,672,1.4523809523809523,99.28850598897345,45.06991528550967,0,255,L
train,PNEUMONIA,1,data\raw\chest_xray\train\PNEUMONIA\person467_bacteria_1988.jpeg,person467_bacteria_1988.jpeg,1160,816,1.4215686274509804,112.7543621112238,50.97272044616716,0,255,L
train,PNEUMONIA,1,data\raw\chest_xray\train\PNEUMONIA\person71_bacteria_347.jpeg,person71_bacteria_347.jpeg,1032,800,1.29,112.8584738372093,55.48165155962131,0,255,L
train,PNEUMONIA,1,data\raw\chest_xray\train\PNEUMONIA\person1719_bacteria_4541.jpeg,person1719_bacteria_4541.jpeg,557,177,3.146892655367232,132.1260992605666,58.89137665333121,11,213,RGB
train,PNEUMONIA,1,data\raw\chest_xray\train\PNEUMONIA\person135_virus_271.jpeg,person135_virus_271.jpeg,1072,624,1.7179487179487178,113.35492908055875,66.62509637128821,0,255,L
train,PNEUMONIA,1,data\raw\chest_xray\train\PNEUMONIA\person1684_bacteria_4461.jpeg,person1684_bacteria_4461.jpeg,499,188,2.654255319148936,144.26462499467019,37.48481829791996,0,210,RGB
train,PNEUMONIA,1,data\raw\chest_xray\train\PNEUMONIA\person1100_bacteria_3041.jpeg,person1100_bacteria_3041.jpeg,1256,816,1.5392156862745099,113.20276008492569,66.07580384469044,0,255,L
train,PNEUMONIA,1,data\raw\chest_xray\train\PNEUMONIA\person278_bacteria_1311.jpeg,person278_bacteria_1311.jpeg,1040,712,1.4606741573033708,117.75511560069144,54.68393117287271,0,255,L
train,PNEUMONIA,1,data\raw\chest_xray\train\PNEUMONIA\person440_virus_893.jpeg,person440_virus_893.jpeg,1168,840,1.3904761904761904,86.06133296640574,41.343533191525275,0,255,L
train,PNEUMONIA,1,data\raw\chest_xray\train\PNEUMONIA\person153_virus_304.jpeg,person153_virus_304.jpeg,1160,752,1.5425531914893618,135.34628920579604,74.24410267500011,0,255,L
train,PNEUMONIA,1,data\raw\chest_xray\train\PNEUMONIA\person422_virus_867.jpeg,person422_virus_867.jpeg,479,211,2.2701421800947865,142.45744986098606,37.80515751362604,0,208,RGB
train,PNEUMONIA,1,data\raw\chest_xray\train\PNEUMONIA\person1056_virus_1755.jpeg,person1056_virus_1755.jpeg,1816,1184,1.5337837837837838,128.58657559679725,67.77950908386185,0,255,L
train,PNEUMONIA,1,data\raw\chest_xray\train\PNEUMONIA\person1420_virus_2431.jpeg,person1420_virus_2431.jpeg,1328,952,1.3949579831932772,124.54103836564747,61.114999309783755,0,255,L
train,PNEUMONIA,1,data\raw\chest_xray\train\PNEUMONIA\person399_bacteria_1804.jpeg,person399_bacteria_1804.jpeg,968,600,1.6133333333333333,92.07305785123967,46.36853308977415,0,255,L
train,PNEUMONIA,1,data\raw\chest_xray\train\PNEUMONIA\person390_bacteria_1781.jpeg,person390_bacteria_1781.jpeg,1544,1440,1.0722222222222222,153.66332757628095,50.348452349778434,0,255,L
train,PNEUMONIA,1,data\raw\chest_xray\train\PNEUMONIA\person67_bacteria_329.jpeg,person67_bacteria_329.jpeg,792,448,1.7678571428571428,111.39223710317461,42.59053187794822,0,255,L
train,PNEUMONIA,1,data\raw\chest_xray\train\PNEUMONIA\person460_bacteria_1958.jpeg,person460_bacteria_1958.jpeg,1184,824,1.4368932038834952,124.04129493571241,51.01448060220834,0,255,L
train,PNEUMONIA,1,data\raw\chest_xray\train\PNEUMONIA\person1405_bacteria_3567.jpeg,person1405_bacteria_3567.jpeg,1488,816,1.8235294117647058,115.22648178895214,56.013884993956474,0,255,L
train,PNEUMONIA,1,data\raw\chest_xray\train\PNEUMONIA\person1119_virus_1844.jpeg,person1119_virus_1844.jpeg,1232,808,1.5247524752475248,148.3533958306545,58.24301523388771,0,255,L
train,PNEUMONIA,1,data\raw\chest_xray\train\PNEUMONIA\person469_bacteria_1994.jpeg,person469_bacteria_1994.jpeg,1348,995,1.3547738693467337,152.47675096551004,53.952428442650124,0,248,L
train,PNEUMONIA,1,data\raw\chest_xray\train\PNEUMONIA\person589_bacteria_2425.jpeg,person589_bacteria_2425.jpeg,736,480,1.5333333333333334,135.44604279891306,50.28754550001163,0,255,L
train,PNEUMONIA,1,data\raw\chest_xray\train\PNEUMONIA\person726_bacteria_2628.jpeg,person726_bacteria_2628.jpeg,768,480,1.6,126.99536675347223,52.94320862011573,0,255,L
train,PNEUMONIA,1,data\raw\chest_xray\train\PNEUMONIA\person1502_bacteria_3927.jpeg,person1502_bacteria_3927.jpeg,1008,600,1.68,89.65109126984127,48.86451330142143,0,255,L
train,PNEUMONIA,1,data\raw\chest_xray\train\PNEUMONIA\person1562_bacteria_4078.jpeg,person1562_bacteria_4078.jpeg,1448,1008,1.4365079365079365,132.85153098417084,56.29930893264497,0,255,L
train,PNEUMONIA,1,data\raw\chest_xray\train\PNEUMONIA\person392_bacteria_1785.jpeg,person392_bacteria_1785.jpeg,992,632,1.5696202531645569,86.64154693242139,40.667406465031625,0,255,L
train,PNEUMONIA,1,data\raw\chest_xray\train\PNEUMONIA\person995_bacteria_2923.jpeg,person995_bacteria_2923.jpeg,1032,744,1.3870967741935485,102.32858084312745,46.21906816375615,0,255,L
train,PNEUMONIA,1,data\raw\chest_xray\train\PNEUMONIA\person1244_bacteria_3200.jpeg,person1244_bacteria_3200.jpeg,1260,770,1.6363636363636365,155.72210368996085,69.30784484625013,0,255,L
train,PNEUMONIA,1,data\raw\chest_xray\train\PNEUMONIA\person1539_virus_2678.jpeg,person1539_virus_2678.jpeg,1112,624,1.7820512820512822,126.51135341726619,70.89766778374619,0,255,L
train,PNEUMONIA,1,data\raw\chest_xray\train\PNEUMONIA\person1355_virus_2336.jpeg,person1355_virus_2336.jpeg,1416,1104,1.2826086956521738,153.8324281759191,56.65714885708863,0,255,L
train,PNEUMONIA,1,data\raw\chest_xray\train\PNEUMONIA\person1537_bacteria_4019.jpeg,person1537_bacteria_4019.jpeg,1256,976,1.2868852459016393,157.23331614806307,59.89418604476519,0,255,L
train,PNEUMONIA,1,data\raw\chest_xray\train\PNEUMONIA\person905_virus_1561.jpeg,person905_virus_1561.jpeg,1056,552,1.9130434782608696,111.022794178195,55.44624159636904,0,255,L
train,PNEUMONIA,1,data\raw\chest_xray\train\PNEUMONIA\person595_virus_1147.jpeg,person595_virus_1147.jpeg,1536,1080,1.4222222222222223,169.83479034047068,54.91787851255639,0,255,L
val,NORMAL,0,data\raw\chest_xray\val\NORMAL\NORMAL2-IM-1430-0001.jpeg,NORMAL2-IM-1430-0001.jpeg,1272,1040,1.2230769230769232,140.1289156990808,66.02412384030498,0,255,L
val,NORMAL,0,data\raw\chest_xray\val\NORMAL\NORMAL2-IM-1438-0001.jpeg,NORMAL2-IM-1438-0001.jpeg,1328,1104,1.2028985507246377,139.75641424393226,69.1846241775317,0,255,L
val,NORMAL,0,data\raw\chest_xray\val\NORMAL\NORMAL2-IM-1427-0001.jpeg,NORMAL2-IM-1427-0001.jpeg,1776,1416,1.2542372881355932,143.6274634009009,69.14248065013696,0,255,L
val,NORMAL,0,data\raw\chest_xray\val\NORMAL\NORMAL2-IM-1442-0001.jpeg,NORMAL2-IM-1442-0001.jpeg,1564,1302,1.2012288786482335,88.60771987616926,54.015039274514876,0,255,L
val,NORMAL,0,data\raw\chest_xray\val\NORMAL\NORMAL2-IM-1431-0001.jpeg,NORMAL2-IM-1431-0001.jpeg,1736,1416,1.2259887005649717,151.96459325939233,68.62744489673868,0,255,L
val,NORMAL,0,data\raw\chest_xray\val\NORMAL\NORMAL2-IM-1437-0001.jpeg,NORMAL2-IM-1437-0001.jpeg,1240,1104,1.1231884057971016,130.4605247779336,64.55898554430324,0,255,L
val,NORMAL,0,data\raw\chest_xray\val\NORMAL\NORMAL2-IM-1436-0001.jpeg,NORMAL2-IM-1436-0001.jpeg,1288,928,1.3879310344827587,102.58241108240523,66.18286924444261,0,255,L
val,NORMAL,0,data\raw\chest_xray\val\NORMAL\NORMAL2-IM-1440-0001.jpeg,NORMAL2-IM-1440-0001.jpeg,1632,1225,1.3322448979591837,93.04892156862745,59.23032717536154,0,255,L
val,PNEUMONIA,1,data\raw\chest_xray\val\PNEUMONIA\person1946_bacteria_4875.jpeg,person1946_bacteria_4875.jpeg,1072,712,1.5056179775280898,98.54689072195204,55.09019322716365,0,255,L
val,PNEUMONIA,1,data\raw\chest_xray\val\PNEUMONIA\person1951_bacteria_4882.jpeg,person1951_bacteria_4882.jpeg,1016,656,1.548780487804878,140.81965983291724,54.66700229500183,0,255,L
val,PNEUMONIA,1,data\raw\chest_xray\val\PNEUMONIA\person1946_bacteria_4874.jpeg,person1946_bacteria_4874.jpeg,968,592,1.635135135135135,114.56904909816842,54.6848776341849,0,255,L
val,PNEUMONIA,1,data\raw\chest_xray\val\PNEUMONIA\person1954_bacteria_4886.jpeg,person1954_bacteria_4886.jpeg,1664,1128,1.475177304964539,106.44061615606246,76.63554406574194,0,255,L
val,PNEUMONIA,1,data\raw\chest_xray\val\PNEUMONIA\person1947_bacteria_4876.jpeg,person1947_bacteria_4876.jpeg,1152,664,1.7349397590361446,136.45247265102074,59.86693680615121,0,255,L
val,PNEUMONIA,1,data\raw\chest_xray\val\PNEUMONIA\person1950_bacteria_4881.jpeg,person1950_bacteria_4881.jpeg,1256,864,1.4537037037037037,141.43290538747345,58.3752021922727,0,255,L
val,PNEUMONIA,1,data\raw\chest_xray\val\PNEUMONIA\person1949_bacteria_4880.jpeg,person1949_bacteria_4880.jpeg,1416,944,1.5,127.5405115867088,58.60494777989642,0,255,L
val,PNEUMONIA,1,data\raw\chest_xray\val\PNEUMONIA\person1952_bacteria_4883.jpeg,person1952_bacteria_4883.jpeg,1192,952,1.2521008403361344,143.09872275252383,55.26970173981917,0,255,L
